name,grade,price,localisation,link

H�tel Aiglon,"8,7/10",511,"[6.1337777, 1.2259398]",https://www.booking.com/hotel/fr/aiglon.fr.html?label=gen173nr-1FCAEoggI46AdIM1gEaE2IAQGYAQ24ARfIAQzYAQHoAQH4AQuIAgGoAgO4Arf4yJEGwAIB0gIkNmMwYWYwNGUtNGY3Ni00ZTk3LThjOGUtZWQ0OTEwMDZkZGMw2AIG4AIB&sid=de1a1d76a798a17af6c08ab2e90a723c&aid=304142&ucfs=1&arphpl=1&checkin=2022-05-20&checkout=2022-05-23&dest_id=-1456928&dest_type=city&group_adults=2&req_adults=2&no_rooms=1&group_children=0&req_children=0&hpos=1&hapos=1&sr_order=popularity&srpvid=59ff656cf09600ae&srepoch=1647786330&all_sr_blocks=5432005_88918937_0_2_0&highlighted_blocks=5432005_88918937_0_2_0&matching_block_id=5432005_88918937_0_2_0&sr_pri_blocks=5432005_88918937_0_2_0__51123&from=searchresults#hotelTmpl

Mercure Paris 17 Batignolles,"8,5/10",334,"[6.1337777, 1.2259398]",https://www.booking.com/hotel/fr/mercure-paris-17-batignolles.fr.html?label=gen173nr-1FCAEoggI46AdIM1gEaE2IAQGYAQ24ARfIAQzYAQHoAQH4AQuIAgGoAgO4Arf4yJEGwAIB0gIkNmMwYWYwNGUtNGY3Ni00ZTk3LThjOGUtZWQ0OTEwMDZkZGMw2AIG4AIB&sid=de1a1d76a798a17af6c08ab2e90a723c&aid=304142&ucfs=1&arphpl=1&checkin=2022-05-20&checkout=2022-05-23&dest_id=-1456928&dest_type=city&group_adults=2&req_adults=2&no_rooms=1&group_children=0&req_children=0&hpos=2&hapos=2&sr_order=popularity&srpvid=59ff656cf09600ae&srepoch=1647786330&all_sr_blocks=315771001_333878684_2_2_0&highlighted_blocks=315771001_333878684_2_2_0&matching_block_id=315771001_333878684_2_2_0&sr_pri_blocks=315771001_333878684_2_2_0__33363&from=searchresults#hotelTmpl

Novotel Suites Paris Montreuil Vincennes,"7,8/10",257,"[6.1337777, 1.2259398]",https://www.booking.com/hotel/fr/suitehotel-paris-porte-de-montreuil.fr.html?label=gen173nr-1FCAEoggI46AdIM1gEaE2IAQGYAQ24ARfIAQzYAQHoAQH4AQuIAgGoAgO4Arf4yJEGwAIB0gIkNmMwYWYwNGUtNGY3Ni00ZTk3LThjOGUtZWQ0OTEwMDZkZGMw2AIG4AIB&sid=de1a1d76a798a17af6c08ab2e90a723c&aid=304142&ucfs=1&arphpl=1&checkin=2022-05-20&checkout=2022-05-23&dest_id=-1456928&dest_type=city&group_adults=2&req_adults=2&no_rooms=1&group_children=0&req_children=0&hpos=3&hapos=3&sr_order=popularity&srpvid=59ff656cf09600ae&srepoch=1647786330&all_sr_blocks=5706401_333880049_2_2_0&highlighted_blocks=5706401_333880049_2_2_0&matching_block_id=5706401_333880049_2_2_0&sr_pri_blocks=5706401_333880049_2_2_0__25734&from=searchresults#hotelTmpl

Hotel Korner Eiffel,"8,6/10",499,"[6.1337777, 1.2259398]",https://www.booking.com/hotel/fr/idealhotel.fr.html?label=gen173nr-1FCAEoggI46AdIM1gEaE2IAQGYAQ24ARfIAQzYAQHoAQH4AQuIAgGoAgO4Arf4yJEGwAIB0gIkNmMwYWYwNGUtNGY3Ni00ZTk3LThjOGUtZWQ0OTEwMDZkZGMw2AIG4AIB&sid=de1a1d76a798a17af6c08ab2e90a723c&aid=304142&ucfs=1&arphpl=1&checkin=2022-05-20&checkout=2022-05-23&dest_id=-1456928&dest_type=city&group_adults=2&req_adults=2&no_rooms=1&group_children=0&req_children=0&hpos=4&hapos=4&sr_order=popularity&srpvid=59ff656cf09600ae&srepoch=1647786330&all_sr_blocks=5043303_264990422_2_2_0&highlighted_blocks=5043303_264990422_2_2_0&matching_block_id=5043303_264990422_2_2_0&sr_pri_blocks=5043303_264990422_2_2_0__49878&from_sustainable_property_sr=1&from=searchresults#hotelTmpl

Au Royal Mad,"7,0/10",161,"[6.1337777, 1.2259398]",https://www.booking.com/hotel/fr/au-royal-mad.fr.html?label=gen173nr-1FCAEoggI46AdIM1gEaE2IAQGYAQ24ARfIAQzYAQHoAQH4AQuIAgGoAgO4Arf4yJEGwAIB0gIkNmMwYWYwNGUtNGY3Ni00ZTk3LThjOGUtZWQ0OTEwMDZkZGMw2AIG4AIB&sid=de1a1d76a798a17af6c08ab2e90a723c&aid=304142&ucfs=1&arphpl=1&checkin=2022-05-20&checkout=2022-05-23&dest_id=-1456928&dest_type=city&group_adults=2&req_adults=2&no_rooms=1&group_children=0&req_children=0&hpos=5&hapos=5&sr_order=popularity&srpvid=59ff656cf09600ae&srepoch=1647786330&all_sr_blocks=35492403_326752812_0_0_0&highlighted_blocks=35492403_326752812_0_0_0&matching_block_id=35492403_326752812_0_0_0&sr_pri_blocks=35492403_326752812_0_0_0__16149&from=searchresults#hotelTmpl

La Belle Ville,"9,0/10",407,"[6.1337777, 1.2259398]",https://www.booking.com/hotel/fr/la-belle-ville.fr.html?label=gen173nr-1FCAEoggI46AdIM1gEaE2IAQGYAQ24ARfIAQzYAQHoAQH4AQuIAgGoAgO4Arf4yJEGwAIB0gIkNmMwYWYwNGUtNGY3Ni00ZTk3LThjOGUtZWQ0OTEwMDZkZGMw2AIG4AIB&sid=de1a1d76a798a17af6c08ab2e90a723c&aid=304142&ucfs=1&arphpl=1&checkin=2022-05-20&checkout=2022-05-23&dest_id=-1456928&dest_type=city&group_adults=2&req_adults=2&no_rooms=1&group_children=0&req_children=0&hpos=6&hapos=6&sr_order=popularity&srpvid=59ff656cf09600ae&srepoch=1647786330&all_sr_blocks=817582902_344316804_2_2_0&highlighted_blocks=817582902_344316804_2_2_0&matching_block_id=817582902_344316804_2_2_0&sr_pri_blocks=817582902_344316804_2_2_0__40728&from_sustainable_property_sr=1&from=searchresults#hotelTmpl

Appart'City Paris La Villette,"7,2/10",268,"[6.1337777, 1.2259398]",https://www.booking.com/hotel/fr/appart-city-cap-affaires-paris.fr.html?label=gen173nr-1FCAEoggI46AdIM1gEaE2IAQGYAQ24ARfIAQzYAQHoAQH4AQuIAgGoAgO4Arf4yJEGwAIB0gIkNmMwYWYwNGUtNGY3Ni00ZTk3LThjOGUtZWQ0OTEwMDZkZGMw2AIG4AIB&sid=de1a1d76a798a17af6c08ab2e90a723c&aid=304142&ucfs=1&arphpl=1&checkin=2022-05-20&checkout=2022-05-23&dest_id=-1456928&dest_type=city&group_adults=2&req_adults=2&no_rooms=1&group_children=0&req_children=0&hpos=7&hapos=7&sr_order=popularity&srpvid=59ff656cf09600ae&srepoch=1647786330&all_sr_blocks=22871104_96851848_0_2_0&highlighted_blocks=22871104_96851848_0_2_0&matching_block_id=22871104_96851848_0_2_0&sr_pri_blocks=22871104_96851848_0_2_0__26842&from_sustainable_property_sr=1&from=searchresults#hotelTmpl

Hotel Lilas Blanc,"8,6/10",427,"[6.1337777, 1.2259398]",https://www.booking.com/hotel/fr/lilas-blanc.fr.html?label=gen173nr-1FCAEoggI46AdIM1gEaE2IAQGYAQ24ARfIAQzYAQHoAQH4AQuIAgGoAgO4Arf4yJEGwAIB0gIkNmMwYWYwNGUtNGY3Ni00ZTk3LThjOGUtZWQ0OTEwMDZkZGMw2AIG4AIB&sid=de1a1d76a798a17af6c08ab2e90a723c&aid=304142&ucfs=1&arphpl=1&checkin=2022-05-20&checkout=2022-05-23&dest_id=-1456928&dest_type=city&group_adults=2&req_adults=2&no_rooms=1&group_children=0&req_children=0&hpos=8&hapos=8&sr_order=popularity&srpvid=59ff656cf09600ae&srepoch=1647786330&all_sr_blocks=220013702_338119646_2_2_0&highlighted_blocks=220013702_338119646_2_2_0&matching_block_id=220013702_338119646_2_2_0&sr_pri_blocks=220013702_338119646_2_2_0__42678&from_sustainable_property_sr=1&from=searchresults#hotelTmpl

Sejours & Affaires Paris-Davout,"8,5/10",296,"[6.1337777, 1.2259398]",https://www.booking.com/hotel/fr/sejours-affaires-paris-davout.fr.html?label=gen173nr-1FCAEoggI46AdIM1gEaE2IAQGYAQ24ARfIAQzYAQHoAQH4AQuIAgGoAgO4Arf4yJEGwAIB0gIkNmMwYWYwNGUtNGY3Ni00ZTk3LThjOGUtZWQ0OTEwMDZkZGMw2AIG4AIB&sid=de1a1d76a798a17af6c08ab2e90a723c&aid=304142&ucfs=1&arphpl=1&checkin=2022-05-20&checkout=2022-05-23&dest_id=-1456928&dest_type=city&group_adults=2&req_adults=2&no_rooms=1&group_children=0&req_children=0&hpos=9&hapos=9&sr_order=popularity&srpvid=59ff656cf09600ae&srepoch=1647786330&all_sr_blocks=257705701_262928670_2_2_0&highlighted_blocks=257705701_262928670_2_2_0&matching_block_id=257705701_262928670_2_2_0&sr_pri_blocks=257705701_262928670_2_2_0__29591&from=searchresults#hotelTmpl

Solar Hotel,"8,1/10",334,"[6.1337777, 1.2259398]",https://www.booking.com/hotel/fr/solar.fr.html?label=gen173nr-1FCAEoggI46AdIM1gEaE2IAQGYAQ24ARfIAQzYAQHoAQH4AQuIAgGoAgO4Arf4yJEGwAIB0gIkNmMwYWYwNGUtNGY3Ni00ZTk3LThjOGUtZWQ0OTEwMDZkZGMw2AIG4AIB&sid=de1a1d76a798a17af6c08ab2e90a723c&aid=304142&ucfs=1&arphpl=1&checkin=2022-05-20&checkout=2022-05-23&dest_id=-1456928&dest_type=city&group_adults=2&req_adults=2&no_rooms=1&group_children=0&req_children=0&hpos=10&hapos=10&sr_order=popularity&srpvid=59ff656cf09600ae&srepoch=1647786330&all_sr_blocks=145587702_194203858_0_1_0&highlighted_blocks=145587702_194203858_0_1_0&matching_block_id=145587702_194203858_0_1_0&sr_pri_blocks=145587702_194203858_0_1_0__33378&from_sustainable_property_sr=1&from=searchresults#hotelTmpl

Hotel Monterosa - Astotel,"8,7/10",457,"[6.1337777, 1.2259398]",https://www.booking.com/hotel/fr/hotel-monterosa.fr.html?label=gen173nr-1FCAEoggI46AdIM1gEaE2IAQGYAQ24ARfIAQzYAQHoAQH4AQuIAgGoAgO4Arf4yJEGwAIB0gIkNmMwYWYwNGUtNGY3Ni00ZTk3LThjOGUtZWQ0OTEwMDZkZGMw2AIG4AIB&sid=de1a1d76a798a17af6c08ab2e90a723c&aid=304142&ucfs=1&arphpl=1&checkin=2022-05-20&checkout=2022-05-23&dest_id=-1456928&dest_type=city&group_adults=2&req_adults=2&no_rooms=1&group_children=0&req_children=0&hpos=11&hapos=11&sr_order=popularity&srpvid=59ff656cf09600ae&srepoch=1647786330&all_sr_blocks=22824902_333268642_0_2_0&highlighted_blocks=22824902_333268642_0_2_0&matching_block_id=22824902_333268642_0_2_0&sr_pri_blocks=22824902_333268642_0_2_0__45728&from=searchresults#hotelTmpl

Hotel Les Deux Gares,"8,6/10",562,"[6.1337777, 1.2259398]",https://www.booking.com/hotel/fr/les-deux-gares.fr.html?label=gen173nr-1FCAEoggI46AdIM1gEaE2IAQGYAQ24ARfIAQzYAQHoAQH4AQuIAgGoAgO4Arf4yJEGwAIB0gIkNmMwYWYwNGUtNGY3Ni00ZTk3LThjOGUtZWQ0OTEwMDZkZGMw2AIG4AIB&sid=de1a1d76a798a17af6c08ab2e90a723c&aid=304142&ucfs=1&arphpl=1&checkin=2022-05-20&checkout=2022-05-23&dest_id=-1456928&dest_type=city&group_adults=2&req_adults=2&no_rooms=1&group_children=0&req_children=0&hpos=12&hapos=12&sr_order=popularity&srpvid=59ff656cf09600ae&srepoch=1647786330&all_sr_blocks=619766402_241781646_0_2_0&highlighted_blocks=619766402_241781646_0_2_0&matching_block_id=619766402_241781646_0_2_0&sr_pri_blocks=619766402_241781646_0_2_0__56228&from=searchresults#hotelTmpl

Motel One Paris-Porte Dor�e,"8,8/10",323,"[6.1337777, 1.2259398]",https://www.booking.com/hotel/fr/motel-one-paris-porte-doree.fr.html?label=gen173nr-1FCAEoggI46AdIM1gEaE2IAQGYAQ24ARfIAQzYAQHoAQH4AQuIAgGoAgO4Arf4yJEGwAIB0gIkNmMwYWYwNGUtNGY3Ni00ZTk3LThjOGUtZWQ0OTEwMDZkZGMw2AIG4AIB&sid=de1a1d76a798a17af6c08ab2e90a723c&aid=304142&ucfs=1&arphpl=1&checkin=2022-05-20&checkout=2022-05-23&dest_id=-1456928&dest_type=city&group_adults=2&req_adults=2&no_rooms=1&group_children=0&req_children=0&hpos=13&hapos=13&sr_order=popularity&srpvid=59ff656cf09600ae&srepoch=1647786330&all_sr_blocks=306580401_326766629_2_2_0&highlighted_blocks=306580401_326766629_2_2_0&matching_block_id=306580401_326766629_2_2_0&sr_pri_blocks=306580401_326766629_2_2_0__32328&from=searchresults#hotelTmpl

Adagio Paris 19�me Cit� de la Musique,"7,8/10",308,"[6.1337777, 1.2259398]",https://www.booking.com/hotel/fr/hipark-paris-la-villette.fr.html?label=gen173nr-1FCAEoggI46AdIM1gEaE2IAQGYAQ24ARfIAQzYAQHoAQH4AQuIAgGoAgO4Arf4yJEGwAIB0gIkNmMwYWYwNGUtNGY3Ni00ZTk3LThjOGUtZWQ0OTEwMDZkZGMw2AIG4AIB&sid=de1a1d76a798a17af6c08ab2e90a723c&aid=304142&ucfs=1&arphpl=1&checkin=2022-05-20&checkout=2022-05-23&dest_id=-1456928&dest_type=city&group_adults=2&req_adults=2&no_rooms=1&group_children=0&req_children=0&hpos=14&hapos=14&sr_order=popularity&srpvid=59ff656cf09600ae&srepoch=1647786330&all_sr_blocks=158060107_112212884_2_2_0&highlighted_blocks=158060107_112212884_2_2_0&matching_block_id=158060107_112212884_2_2_0&sr_pri_blocks=158060107_112212884_2_2_0__30828&from_sustainable_property_sr=1&from=searchresults#hotelTmpl

Ibis Styles Paris Massena Olympiades,"8,2/10",295,"[6.1337777, 1.2259398]",https://www.booking.com/hotel/fr/paris-massena-olympiades.fr.html?label=gen173nr-1FCAEoggI46AdIM1gEaE2IAQGYAQ24ARfIAQzYAQHoAQH4AQuIAgGoAgO4Arf4yJEGwAIB0gIkNmMwYWYwNGUtNGY3Ni00ZTk3LThjOGUtZWQ0OTEwMDZkZGMw2AIG4AIB&sid=de1a1d76a798a17af6c08ab2e90a723c&aid=304142&ucfs=1&arphpl=1&checkin=2022-05-20&checkout=2022-05-23&dest_id=-1456928&dest_type=city&group_adults=2&req_adults=2&no_rooms=1&group_children=0&req_children=0&hpos=15&hapos=15&sr_order=popularity&srpvid=59ff656cf09600ae&srepoch=1647786330&all_sr_blocks=5066916_333879204_2_1_0&highlighted_blocks=5066916_333879204_2_1_0&matching_block_id=5066916_333879204_2_1_0&sr_pri_blocks=5066916_333879204_2_1_0__29478&from_sustainable_property_sr=1&from=searchresults#hotelTmpl

H�tel Caron,"8,8/10",699,"[6.1337777, 1.2259398]",https://www.booking.com/hotel/fr/caron.fr.html?label=gen173nr-1FCAEoggI46AdIM1gEaE2IAQGYAQ24ARfIAQzYAQHoAQH4AQuIAgGoAgO4Arf4yJEGwAIB0gIkNmMwYWYwNGUtNGY3Ni00ZTk3LThjOGUtZWQ0OTEwMDZkZGMw2AIG4AIB&sid=de1a1d76a798a17af6c08ab2e90a723c&aid=304142&ucfs=1&arphpl=1&checkin=2022-05-20&checkout=2022-05-23&dest_id=-1456928&dest_type=city&group_adults=2&req_adults=2&no_rooms=1&group_children=0&req_children=0&hpos=16&hapos=16&sr_order=popularity&srpvid=59ff656cf09600ae&srepoch=1647786330&all_sr_blocks=18303303_188380050_0_2_0&highlighted_blocks=18303303_188380050_0_2_0&matching_block_id=18303303_188380050_0_2_0&sr_pri_blocks=18303303_188380050_0_2_0__69852&from=searchresults#hotelTmpl

Hotel Palm - Astotel,"9,0/10",483,"[6.1337777, 1.2259398]",https://www.booking.com/hotel/fr/palm-opera.fr.html?label=gen173nr-1FCAEoggI46AdIM1gEaE2IAQGYAQ24ARfIAQzYAQHoAQH4AQuIAgGoAgO4Arf4yJEGwAIB0gIkNmMwYWYwNGUtNGY3Ni00ZTk3LThjOGUtZWQ0OTEwMDZkZGMw2AIG4AIB&sid=de1a1d76a798a17af6c08ab2e90a723c&aid=304142&ucfs=1&arphpl=1&checkin=2022-05-20&checkout=2022-05-23&dest_id=-1456928&dest_type=city&group_adults=2&req_adults=2&no_rooms=1&group_children=0&req_children=0&hpos=17&hapos=17&sr_order=popularity&srpvid=59ff656cf09600ae&srepoch=1647786330&all_sr_blocks=28302205_333268729_0_2_0&highlighted_blocks=28302205_333268729_0_2_0&matching_block_id=28302205_333268729_0_2_0&sr_pri_blocks=28302205_333268729_0_2_0__48328&from=searchresults#hotelTmpl

ibis Styles Paris Nation Cours de Vincennes,"8,1/10",357,"[6.1337777, 1.2259398]",https://www.booking.com/hotel/fr/ibis-styles-paris-nation-cour-de-vincennes.fr.html?label=gen173nr-1FCAEoggI46AdIM1gEaE2IAQGYAQ24ARfIAQzYAQHoAQH4AQuIAgGoAgO4Arf4yJEGwAIB0gIkNmMwYWYwNGUtNGY3Ni00ZTk3LThjOGUtZWQ0OTEwMDZkZGMw2AIG4AIB&sid=de1a1d76a798a17af6c08ab2e90a723c&aid=304142&ucfs=1&arphpl=1&checkin=2022-05-20&checkout=2022-05-23&dest_id=-1456928&dest_type=city&group_adults=2&req_adults=2&no_rooms=1&group_children=0&req_children=0&hpos=18&hapos=18&sr_order=popularity&srpvid=59ff656cf09600ae&srepoch=1647786330&all_sr_blocks=5321108_333880396_2_1_0&highlighted_blocks=5321108_333880396_2_1_0&matching_block_id=5321108_333880396_2_1_0&sr_pri_blocks=5321108_333880396_2_1_0__35688&from=searchresults#hotelTmpl

Hotel Acadia - Astotel,"8,7/10",477,"[6.1337777, 1.2259398]",https://www.booking.com/hotel/fr/acadiaopera.fr.html?label=gen173nr-1FCAEoggI46AdIM1gEaE2IAQGYAQ24ARfIAQzYAQHoAQH4AQuIAgGoAgO4Arf4yJEGwAIB0gIkNmMwYWYwNGUtNGY3Ni00ZTk3LThjOGUtZWQ0OTEwMDZkZGMw2AIG4AIB&sid=de1a1d76a798a17af6c08ab2e90a723c&aid=304142&ucfs=1&arphpl=1&checkin=2022-05-20&checkout=2022-05-23&dest_id=-1456928&dest_type=city&group_adults=2&req_adults=2&no_rooms=1&group_children=0&req_children=0&hpos=19&hapos=19&sr_order=popularity&srpvid=59ff656cf09600ae&srepoch=1647786330&all_sr_blocks=5091704_333268142_0_2_0&highlighted_blocks=5091704_333268142_0_2_0&matching_block_id=5091704_333268142_0_2_0&sr_pri_blocks=5091704_333268142_0_2_0__47728&from=searchresults#hotelTmpl

Hotel Orphee,"7,3/10",450,"[6.1868309, 1.1883102]",https://www.booking.com/hotel/fr/devillas.fr.html?label=gen173nr-1FCAEoggI46AdIM1gEaE2IAQGYAQ24ARfIAQzYAQHoAQH4AQuIAgGoAgO4Arf4yJEGwAIB0gIkNmMwYWYwNGUtNGY3Ni00ZTk3LThjOGUtZWQ0OTEwMDZkZGMw2AIG4AIB&sid=de1a1d76a798a17af6c08ab2e90a723c&aid=304142&ucfs=1&arphpl=1&checkin=2022-05-20&checkout=2022-05-23&dest_id=-1456928&dest_type=city&group_adults=2&req_adults=2&no_rooms=1&group_children=0&req_children=0&hpos=20&hapos=20&sr_order=popularity&srpvid=59ff656cf09600ae&srepoch=1647786330&all_sr_blocks=34193304_347263237_2_2_0&highlighted_blocks=34193304_347263237_2_2_0&matching_block_id=34193304_347263237_2_2_0&sr_pri_blocks=34193304_347263237_2_2_0__44958&from=searchresults#hotelTmpl

H�tel de Banville,"8,4/10",640,"[6.1337777, 1.2259398]",https://www.booking.com/hotel/fr/hoteldebanvilleparis.fr.html?label=gen173nr-1FCAEoggI46AdIM1gEaE2IAQGYAQ24ARfIAQzYAQHoAQH4AQuIAgGoAgO4Arf4yJEGwAIB0gIkNmMwYWYwNGUtNGY3Ni00ZTk3LThjOGUtZWQ0OTEwMDZkZGMw2AIG4AIB&sid=de1a1d76a798a17af6c08ab2e90a723c&aid=304142&ucfs=1&arphpl=1&checkin=2022-05-20&checkout=2022-05-23&dest_id=-1456928&dest_type=city&group_adults=2&req_adults=2&no_rooms=1&group_children=0&req_children=0&hpos=21&hapos=21&sr_order=popularity&srpvid=59ff656cf09600ae&srepoch=1647786330&all_sr_blocks=5177001_200907532_0_2_0&highlighted_blocks=5177001_200907532_0_2_0&matching_block_id=5177001_200907532_0_2_0&sr_pri_blocks=5177001_200907532_0_2_0__63953&from=searchresults#hotelTmpl

Chatillon Paris Montparnasse,"7,8/10",306,"[6.1337777, 1.2259398]",https://www.booking.com/hotel/fr/chatillon.fr.html?label=gen173nr-1FCAEoggI46AdIM1gEaE2IAQGYAQ24ARfIAQzYAQHoAQH4AQuIAgGoAgO4Arf4yJEGwAIB0gIkNmMwYWYwNGUtNGY3Ni00ZTk3LThjOGUtZWQ0OTEwMDZkZGMw2AIG4AIB&sid=de1a1d76a798a17af6c08ab2e90a723c&aid=304142&ucfs=1&arphpl=1&checkin=2022-05-20&checkout=2022-05-23&dest_id=-1456928&dest_type=city&group_adults=2&req_adults=2&no_rooms=1&group_children=0&req_children=0&hpos=22&hapos=22&sr_order=popularity&srpvid=59ff656cf09600ae&srepoch=1647786330&all_sr_blocks=5421910_197653079_0_2_0&highlighted_blocks=5421910_197653079_0_2_0&matching_block_id=5421910_197653079_0_2_0&sr_pri_blocks=5421910_197653079_0_2_0__30628&from=searchresults#hotelTmpl

Aparthotel Adagio Access Paris La Villette,"7,2/10",269,"[6.1337777, 1.2259398]",https://www.booking.com/hotel/fr/citea-la-villette.fr.html?label=gen173nr-1FCAEoggI46AdIM1gEaE2IAQGYAQ24ARfIAQzYAQHoAQH4AQuIAgGoAgO4Arf4yJEGwAIB0gIkNmMwYWYwNGUtNGY3Ni00ZTk3LThjOGUtZWQ0OTEwMDZkZGMw2AIG4AIB&sid=de1a1d76a798a17af6c08ab2e90a723c&aid=304142&ucfs=1&arphpl=1&checkin=2022-05-20&checkout=2022-05-23&dest_id=-1456928&dest_type=city&group_adults=2&req_adults=2&no_rooms=1&group_children=0&req_children=0&hpos=23&hapos=23&sr_order=popularity&srpvid=59ff656cf09600ae&srepoch=1647786330&all_sr_blocks=5358805_104616096_2_2_0&highlighted_blocks=5358805_104616096_2_2_0&matching_block_id=5358805_104616096_2_2_0&sr_pri_blocks=5358805_104616096_2_2_0__26928&from=searchresults#hotelTmpl

Hotel Joyce - Astotel,"8,9/10",477,"[6.1337777, 1.2259398]",https://www.booking.com/hotel/fr/joyce.fr.html?label=gen173nr-1FCAEoggI46AdIM1gEaE2IAQGYAQ24ARfIAQzYAQHoAQH4AQuIAgGoAgO4Arf4yJEGwAIB0gIkNmMwYWYwNGUtNGY3Ni00ZTk3LThjOGUtZWQ0OTEwMDZkZGMw2AIG4AIB&sid=de1a1d76a798a17af6c08ab2e90a723c&aid=304142&ucfs=1&arphpl=1&checkin=2022-05-20&checkout=2022-05-23&dest_id=-1456928&dest_type=city&group_adults=2&req_adults=2&no_rooms=1&group_children=0&req_children=0&hpos=24&hapos=24&sr_order=popularity&srpvid=59ff656cf09600ae&srepoch=1647786330&all_sr_blocks=17188013_333268463_0_2_0&highlighted_blocks=17188013_333268463_0_2_0&matching_block_id=17188013_333268463_0_2_0&sr_pri_blocks=17188013_333268463_0_2_0__47728&from=searchresults#hotelTmpl

Maxim Quartier Latin,"8,2/10",508,"[6.1868309, 1.1883102]",https://www.booking.com/hotel/fr/maxim-quartier-latin.fr.html?label=gen173nr-1FCAEoggI46AdIM1gEaE2IAQGYAQ24ARfIAQzYAQHoAQH4AQuIAgGoAgO4Arf4yJEGwAIB0gIkNmMwYWYwNGUtNGY3Ni00ZTk3LThjOGUtZWQ0OTEwMDZkZGMw2AIG4AIB&sid=de1a1d76a798a17af6c08ab2e90a723c&aid=304142&ucfs=1&arphpl=1&checkin=2022-05-20&checkout=2022-05-23&dest_id=-1456928&dest_type=city&group_adults=2&req_adults=2&no_rooms=1&group_children=0&req_children=0&hpos=25&hapos=25&sr_order=popularity&srpvid=59ff656cf09600ae&srepoch=1647786330&all_sr_blocks=5743212_198663258_0_2_0&highlighted_blocks=5743212_198663258_0_2_0&matching_block_id=5743212_198663258_0_2_0&sr_pri_blocks=5743212_198663258_0_2_0__50828&from=searchresults#hotelTmpl

Mercure Paris Centre Tour Eiffel,"7,9/10",672,"[6.1337777, 1.2259398]",https://www.booking.com/hotel/fr/mercure-paris-suffren-tour-eiffel.fr.html?label=gen173nr-1FCAEoggI46AdIM1gEaE2IAQGYAQ24ARfIAQzYAQHoAQH4AQuIAgGoAgO4Arf4yJEGwAIB0gIkNmMwYWYwNGUtNGY3Ni00ZTk3LThjOGUtZWQ0OTEwMDZkZGMw2AIG4AIB&sid=de1a1d76a798a17af6c08ab2e90a723c&aid=304142&ucfs=1&arphpl=1&checkin=2022-05-20&checkout=2022-05-23&dest_id=-1456928&dest_type=city&group_adults=2&req_adults=2&no_rooms=1&group_children=0&req_children=0&hpos=1&hapos=26&sr_order=popularity&srpvid=59ff656cf09600ae&srepoch=1647786349&all_sr_blocks=5368914_333878797_2_2_0&highlighted_blocks=5368914_333878797_2_2_0&matching_block_id=5368914_333878797_2_2_0&sr_pri_blocks=5368914_333878797_2_2_0__67228&from=searchresults#hotelTmpl

Hotel Lorette - Astotel,"8,7/10",469,"[6.1337777, 1.2259398]",https://www.booking.com/hotel/fr/loretteopera.fr.html?label=gen173nr-1FCAEoggI46AdIM1gEaE2IAQGYAQ24ARfIAQzYAQHoAQH4AQuIAgGoAgO4Arf4yJEGwAIB0gIkNmMwYWYwNGUtNGY3Ni00ZTk3LThjOGUtZWQ0OTEwMDZkZGMw2AIG4AIB&sid=de1a1d76a798a17af6c08ab2e90a723c&aid=304142&ucfs=1&arphpl=1&checkin=2022-05-20&checkout=2022-05-23&dest_id=-1456928&dest_type=city&group_adults=2&req_adults=2&no_rooms=1&group_children=0&req_children=0&hpos=2&hapos=27&sr_order=popularity&srpvid=59ff656cf09600ae&srepoch=1647786349&all_sr_blocks=5091402_115314580_0_2_0&highlighted_blocks=5091402_115314580_0_2_0&matching_block_id=5091402_115314580_0_2_0&sr_pri_blocks=5091402_115314580_0_2_0__46928&from=searchresults#hotelTmpl

Hotel Michelet Odeon,"8,1/10",496,"[6.1337777, 1.2259398]",https://www.booking.com/hotel/fr/michelet-odeon.fr.html?label=gen173nr-1FCAEoggI46AdIM1gEaE2IAQGYAQ24ARfIAQzYAQHoAQH4AQuIAgGoAgO4Arf4yJEGwAIB0gIkNmMwYWYwNGUtNGY3Ni00ZTk3LThjOGUtZWQ0OTEwMDZkZGMw2AIG4AIB&sid=de1a1d76a798a17af6c08ab2e90a723c&aid=304142&ucfs=1&arphpl=1&checkin=2022-05-20&checkout=2022-05-23&dest_id=-1456928&dest_type=city&group_adults=2&req_adults=2&no_rooms=1&group_children=0&req_children=0&hpos=3&hapos=28&sr_order=popularity&srpvid=59ff656cf09600ae&srepoch=1647786349&all_sr_blocks=168850509_309356401_0_2_0&highlighted_blocks=168850509_309356401_0_2_0&matching_block_id=168850509_309356401_0_2_0&sr_pri_blocks=168850509_309356401_0_2_0__49578&from=searchresults#hotelTmpl

Hotel Joke - Astotel,"9,0/10",486,"[6.1337777, 1.2259398]",https://www.booking.com/hotel/fr/joke-astotel.fr.html?label=gen173nr-1FCAEoggI46AdIM1gEaE2IAQGYAQ24ARfIAQzYAQHoAQH4AQuIAgGoAgO4Arf4yJEGwAIB0gIkNmMwYWYwNGUtNGY3Ni00ZTk3LThjOGUtZWQ0OTEwMDZkZGMw2AIG4AIB&sid=de1a1d76a798a17af6c08ab2e90a723c&aid=304142&ucfs=1&arphpl=1&checkin=2022-05-20&checkout=2022-05-23&dest_id=-1456928&dest_type=city&group_adults=2&req_adults=2&no_rooms=1&group_children=0&req_children=0&hpos=4&hapos=29&sr_order=popularity&srpvid=59ff656cf09600ae&srepoch=1647786349&all_sr_blocks=134376802_333268682_0_2_0&highlighted_blocks=134376802_333268682_0_2_0&matching_block_id=134376802_333268682_0_2_0&sr_pri_blocks=134376802_333268682_0_2_0__48628&from=searchresults#hotelTmpl

ibis Paris Gare du Nord Ch�teau Landon 10�me,"7,7/10",319,"[6.1337777, 1.2259398]",https://www.booking.com/hotel/fr/ibis-gare-du-nord-chateau-landon.fr.html?label=gen173nr-1FCAEoggI46AdIM1gEaE2IAQGYAQ24ARfIAQzYAQHoAQH4AQuIAgGoAgO4Arf4yJEGwAIB0gIkNmMwYWYwNGUtNGY3Ni00ZTk3LThjOGUtZWQ0OTEwMDZkZGMw2AIG4AIB&sid=de1a1d76a798a17af6c08ab2e90a723c&aid=304142&ucfs=1&arphpl=1&checkin=2022-05-20&checkout=2022-05-23&dest_id=-1456928&dest_type=city&group_adults=2&req_adults=2&no_rooms=1&group_children=0&req_children=0&hpos=5&hapos=30&sr_order=popularity&srpvid=59ff656cf09600ae&srepoch=1647786349&all_sr_blocks=54797402_333880104_2_2_0&highlighted_blocks=54797402_333880104_2_2_0&matching_block_id=54797402_333880104_2_2_0&sr_pri_blocks=54797402_333880104_2_2_0__31928&from=searchresults#hotelTmpl

Hotel Delambre,"8,3/10",430,"[6.1337777, 1.2259398]",https://www.booking.com/hotel/fr/delambre-paris.fr.html?label=gen173nr-1FCAEoggI46AdIM1gEaE2IAQGYAQ24ARfIAQzYAQHoAQH4AQuIAgGoAgO4Arf4yJEGwAIB0gIkNmMwYWYwNGUtNGY3Ni00ZTk3LThjOGUtZWQ0OTEwMDZkZGMw2AIG4AIB&sid=de1a1d76a798a17af6c08ab2e90a723c&aid=304142&ucfs=1&arphpl=1&checkin=2022-05-20&checkout=2022-05-23&dest_id=-1456928&dest_type=city&group_adults=2&req_adults=2&no_rooms=1&group_children=0&req_children=0&hpos=6&hapos=31&sr_order=popularity&srpvid=59ff656cf09600ae&srepoch=1647786349&all_sr_blocks=142420303_279042038_0_2_0&highlighted_blocks=142420303_279042038_0_2_0&matching_block_id=142420303_279042038_0_2_0&sr_pri_blocks=142420303_279042038_0_2_0__42975&from=searchresults#hotelTmpl

Newhotel Le Voltaire,"8,2/10",542,"[6.1337777, 1.2259398]",https://www.booking.com/hotel/fr/new-le-voltaire.fr.html?label=gen173nr-1FCAEoggI46AdIM1gEaE2IAQGYAQ24ARfIAQzYAQHoAQH4AQuIAgGoAgO4Arf4yJEGwAIB0gIkNmMwYWYwNGUtNGY3Ni00ZTk3LThjOGUtZWQ0OTEwMDZkZGMw2AIG4AIB&sid=de1a1d76a798a17af6c08ab2e90a723c&aid=304142&ucfs=1&arphpl=1&checkin=2022-05-20&checkout=2022-05-23&dest_id=-1456928&dest_type=city&group_adults=2&req_adults=2&no_rooms=1&group_children=0&req_children=0&hpos=7&hapos=32&sr_order=popularity&srpvid=59ff656cf09600ae&srepoch=1647786349&all_sr_blocks=336959603_116248666_0_2_0&highlighted_blocks=336959603_116248666_0_2_0&matching_block_id=336959603_116248666_0_2_0&sr_pri_blocks=336959603_116248666_0_2_0__54228&from=searchresults#hotelTmpl

Hotel Terminus Montparnasse,"7,6/10",351,"[6.1337777, 1.2259398]",https://www.booking.com/hotel/fr/terminus-montparnasse.fr.html?label=gen173nr-1FCAEoggI46AdIM1gEaE2IAQGYAQ24ARfIAQzYAQHoAQH4AQuIAgGoAgO4Arf4yJEGwAIB0gIkNmMwYWYwNGUtNGY3Ni00ZTk3LThjOGUtZWQ0OTEwMDZkZGMw2AIG4AIB&sid=de1a1d76a798a17af6c08ab2e90a723c&aid=304142&ucfs=1&arphpl=1&checkin=2022-05-20&checkout=2022-05-23&dest_id=-1456928&dest_type=city&group_adults=2&req_adults=2&no_rooms=1&group_children=0&req_children=0&hpos=8&hapos=33&sr_order=popularity&srpvid=59ff656cf09600ae&srepoch=1647786349&all_sr_blocks=134291710_237660987_0_2_0&highlighted_blocks=134291710_237660987_0_2_0&matching_block_id=134291710_237660987_0_2_0&sr_pri_blocks=134291710_237660987_0_2_0__35128&from=searchresults#hotelTmpl

Hotel Minerve,"8,2/10",491,"[6.1868309, 1.1883102]",https://www.booking.com/hotel/fr/minerve.fr.html?label=gen173nr-1FCAEoggI46AdIM1gEaE2IAQGYAQ24ARfIAQzYAQHoAQH4AQuIAgGoAgO4Arf4yJEGwAIB0gIkNmMwYWYwNGUtNGY3Ni00ZTk3LThjOGUtZWQ0OTEwMDZkZGMw2AIG4AIB&sid=de1a1d76a798a17af6c08ab2e90a723c&aid=304142&ucfs=1&arphpl=1&checkin=2022-05-20&checkout=2022-05-23&dest_id=-1456928&dest_type=city&group_adults=2&req_adults=2&no_rooms=1&group_children=0&req_children=0&hpos=9&hapos=34&sr_order=popularity&srpvid=59ff656cf09600ae&srepoch=1647786349&all_sr_blocks=38107306_285234584_0_2_0&highlighted_blocks=38107306_285234584_0_2_0&matching_block_id=38107306_285234584_0_2_0&sr_pri_blocks=38107306_285234584_0_2_0__49128&from=searchresults#hotelTmpl

H�tel Korner Etoile,"8,5/10",417,"[6.1337777, 1.2259398]",https://www.booking.com/hotel/fr/le-villiers.fr.html?label=gen173nr-1FCAEoggI46AdIM1gEaE2IAQGYAQ24ARfIAQzYAQHoAQH4AQuIAgGoAgO4Arf4yJEGwAIB0gIkNmMwYWYwNGUtNGY3Ni00ZTk3LThjOGUtZWQ0OTEwMDZkZGMw2AIG4AIB&sid=de1a1d76a798a17af6c08ab2e90a723c&aid=304142&ucfs=1&arphpl=1&checkin=2022-05-20&checkout=2022-05-23&dest_id=-1456928&dest_type=city&group_adults=2&req_adults=2&no_rooms=1&group_children=0&req_children=0&hpos=10&hapos=35&sr_order=popularity&srpvid=59ff656cf09600ae&srepoch=1647786349&all_sr_blocks=5459203_264988894_2_2_0&highlighted_blocks=5459203_264988894_2_2_0&matching_block_id=5459203_264988894_2_2_0&sr_pri_blocks=5459203_264988894_2_2_0__41688&from_sustainable_property_sr=1&from=searchresults#hotelTmpl

H�tel Avama Prony,"8,4/10",366,"[6.1337777, 1.2259398]",https://www.booking.com/hotel/fr/prony.fr.html?label=gen173nr-1FCAEoggI46AdIM1gEaE2IAQGYAQ24ARfIAQzYAQHoAQH4AQuIAgGoAgO4Arf4yJEGwAIB0gIkNmMwYWYwNGUtNGY3Ni00ZTk3LThjOGUtZWQ0OTEwMDZkZGMw2AIG4AIB&sid=de1a1d76a798a17af6c08ab2e90a723c&aid=304142&ucfs=1&arphpl=1&checkin=2022-05-20&checkout=2022-05-23&dest_id=-1456928&dest_type=city&group_adults=2&req_adults=2&no_rooms=1&group_children=0&req_children=0&hpos=11&hapos=36&sr_order=popularity&srpvid=59ff656cf09600ae&srepoch=1647786349&all_sr_blocks=5956702_344006302_0_2_0&highlighted_blocks=5956702_344006302_0_2_0&matching_block_id=5956702_344006302_0_2_0&sr_pri_blocks=5956702_344006302_0_2_0__36628&from_sustainable_property_sr=1&from=searchresults#hotelTmpl

H�tel A La Villa des Artistes,"8,7/10",518,"[6.1337777, 1.2259398]",https://www.booking.com/hotel/fr/bwvilladesartistes.fr.html?label=gen173nr-1FCAEoggI46AdIM1gEaE2IAQGYAQ24ARfIAQzYAQHoAQH4AQuIAgGoAgO4Arf4yJEGwAIB0gIkNmMwYWYwNGUtNGY3Ni00ZTk3LThjOGUtZWQ0OTEwMDZkZGMw2AIG4AIB&sid=de1a1d76a798a17af6c08ab2e90a723c&aid=304142&ucfs=1&arphpl=1&checkin=2022-05-20&checkout=2022-05-23&dest_id=-1456928&dest_type=city&group_adults=2&req_adults=2&no_rooms=1&group_children=0&req_children=0&hpos=12&hapos=37&sr_order=popularity&srpvid=59ff656cf09600ae&srepoch=1647786349&all_sr_blocks=5076802_265542249_0_2_0&highlighted_blocks=5076802_265542249_0_2_0&matching_block_id=5076802_265542249_0_2_0&sr_pri_blocks=5076802_265542249_0_2_0__51828&from=searchresults#hotelTmpl

Hotel Caumartin Op�ra - Astotel,"8,0/10",544,"[6.1337777, 1.2259398]",https://www.booking.com/hotel/fr/caumartin-opera.fr.html?label=gen173nr-1FCAEoggI46AdIM1gEaE2IAQGYAQ24ARfIAQzYAQHoAQH4AQuIAgGoAgO4Arf4yJEGwAIB0gIkNmMwYWYwNGUtNGY3Ni00ZTk3LThjOGUtZWQ0OTEwMDZkZGMw2AIG4AIB&sid=de1a1d76a798a17af6c08ab2e90a723c&aid=304142&ucfs=1&arphpl=1&checkin=2022-05-20&checkout=2022-05-23&dest_id=-1456928&dest_type=city&group_adults=2&req_adults=2&no_rooms=1&group_children=0&req_children=0&hpos=13&hapos=38&sr_order=popularity&srpvid=59ff656cf09600ae&srepoch=1647786349&all_sr_blocks=2172605_333267999_0_2_0&highlighted_blocks=2172605_333267999_0_2_0&matching_block_id=2172605_333267999_0_2_0&sr_pri_blocks=2172605_333267999_0_2_0__54428&from=searchresults#hotelTmpl

Hotel Splendid,"7,7/10",431,"[6.1337777, 1.2259398]",https://www.booking.com/hotel/fr/splendid-paris.fr.html?label=gen173nr-1FCAEoggI46AdIM1gEaE2IAQGYAQ24ARfIAQzYAQHoAQH4AQuIAgGoAgO4Arf4yJEGwAIB0gIkNmMwYWYwNGUtNGY3Ni00ZTk3LThjOGUtZWQ0OTEwMDZkZGMw2AIG4AIB&sid=de1a1d76a798a17af6c08ab2e90a723c&aid=304142&ucfs=1&arphpl=1&checkin=2022-05-20&checkout=2022-05-23&dest_id=-1456928&dest_type=city&group_adults=2&req_adults=2&no_rooms=1&group_children=0&req_children=0&hpos=14&hapos=39&sr_order=popularity&srpvid=59ff656cf09600ae&srepoch=1647786349&all_sr_blocks=253692002_326764445_2_2_0&highlighted_blocks=253692002_326764445_2_2_0&matching_block_id=253692002_326764445_2_2_0&sr_pri_blocks=253692002_326764445_2_2_0__43128&from=searchresults#hotelTmpl

ibis Daumesnil Porte Doree,"7,9/10",313,"[6.1337777, 1.2259398]",https://www.booking.com/hotel/fr/ibis-porte-doree.fr.html?label=gen173nr-1FCAEoggI46AdIM1gEaE2IAQGYAQ24ARfIAQzYAQHoAQH4AQuIAgGoAgO4Arf4yJEGwAIB0gIkNmMwYWYwNGUtNGY3Ni00ZTk3LThjOGUtZWQ0OTEwMDZkZGMw2AIG4AIB&sid=de1a1d76a798a17af6c08ab2e90a723c&aid=304142&ucfs=1&arphpl=1&checkin=2022-05-20&checkout=2022-05-23&dest_id=-1456928&dest_type=city&group_adults=2&req_adults=2&no_rooms=1&group_children=0&req_children=0&hpos=15&hapos=40&sr_order=popularity&srpvid=59ff656cf09600ae&srepoch=1647786349&all_sr_blocks=55547105_333879433_2_2_0&highlighted_blocks=55547105_333879433_2_2_0&matching_block_id=55547105_333879433_2_2_0&sr_pri_blocks=55547105_333879433_2_2_0__31328&from=searchresults#hotelTmpl

H�tel Eden Op�ra,"8,4/10",452,"[6.1337777, 1.2259398]",https://www.booking.com/hotel/fr/edenparis.fr.html?label=gen173nr-1FCAEoggI46AdIM1gEaE2IAQGYAQ24ARfIAQzYAQHoAQH4AQuIAgGoAgO4Arf4yJEGwAIB0gIkNmMwYWYwNGUtNGY3Ni00ZTk3LThjOGUtZWQ0OTEwMDZkZGMw2AIG4AIB&sid=de1a1d76a798a17af6c08ab2e90a723c&aid=304142&ucfs=1&arphpl=1&checkin=2022-05-20&checkout=2022-05-23&dest_id=-1456928&dest_type=city&group_adults=2&req_adults=2&no_rooms=1&group_children=0&req_children=0&hpos=16&hapos=41&sr_order=popularity&srpvid=59ff656cf09600ae&srepoch=1647786349&all_sr_blocks=5094502_269833928_0_2_0&highlighted_blocks=5094502_269833928_0_2_0&matching_block_id=5094502_269833928_0_2_0&sr_pri_blocks=5094502_269833928_0_2_0__45228&from=searchresults#hotelTmpl

Hotel George - Astotel,"8,9/10",477,"[6.1337777, 1.2259398]",https://www.booking.com/hotel/fr/george-opera.fr.html?label=gen173nr-1FCAEoggI46AdIM1gEaE2IAQGYAQ24ARfIAQzYAQHoAQH4AQuIAgGoAgO4Arf4yJEGwAIB0gIkNmMwYWYwNGUtNGY3Ni00ZTk3LThjOGUtZWQ0OTEwMDZkZGMw2AIG4AIB&sid=de1a1d76a798a17af6c08ab2e90a723c&aid=304142&ucfs=1&arphpl=1&checkin=2022-05-20&checkout=2022-05-23&dest_id=-1456928&dest_type=city&group_adults=2&req_adults=2&no_rooms=1&group_children=0&req_children=0&hpos=17&hapos=42&sr_order=popularity&srpvid=59ff656cf09600ae&srepoch=1647786349&all_sr_blocks=5795006_333268400_0_2_0&highlighted_blocks=5795006_333268400_0_2_0&matching_block_id=5795006_333268400_0_2_0&sr_pri_blocks=5795006_333268400_0_2_0__47728&from=searchresults#hotelTmpl

H�tel Augustin - Astotel,"8,8/10",520,"[6.1337777, 1.2259398]",https://www.booking.com/hotel/fr/saintaugustin.fr.html?label=gen173nr-1FCAEoggI46AdIM1gEaE2IAQGYAQ24ARfIAQzYAQHoAQH4AQuIAgGoAgO4Arf4yJEGwAIB0gIkNmMwYWYwNGUtNGY3Ni00ZTk3LThjOGUtZWQ0OTEwMDZkZGMw2AIG4AIB&sid=de1a1d76a798a17af6c08ab2e90a723c&aid=304142&ucfs=1&arphpl=1&checkin=2022-05-20&checkout=2022-05-23&dest_id=-1456928&dest_type=city&group_adults=2&req_adults=2&no_rooms=1&group_children=0&req_children=0&hpos=18&hapos=43&sr_order=popularity&srpvid=59ff656cf09600ae&srepoch=1647786349&all_sr_blocks=5091805_333268153_0_2_0&highlighted_blocks=5091805_333268153_0_2_0&matching_block_id=5091805_333268153_0_2_0&sr_pri_blocks=5091805_333268153_0_2_0__52028&from=searchresults#hotelTmpl

France Louvre,"7,2/10",446,"[6.1337777, 1.2259398]",https://www.booking.com/hotel/fr/france-louvre.fr.html?label=gen173nr-1FCAEoggI46AdIM1gEaE2IAQGYAQ24ARfIAQzYAQHoAQH4AQuIAgGoAgO4Arf4yJEGwAIB0gIkNmMwYWYwNGUtNGY3Ni00ZTk3LThjOGUtZWQ0OTEwMDZkZGMw2AIG4AIB&sid=de1a1d76a798a17af6c08ab2e90a723c&aid=304142&ucfs=1&arphpl=1&checkin=2022-05-20&checkout=2022-05-23&dest_id=-1456928&dest_type=city&group_adults=2&req_adults=2&no_rooms=1&group_children=0&req_children=0&hpos=19&hapos=44&sr_order=popularity&srpvid=59ff656cf09600ae&srepoch=1647786349&all_sr_blocks=5528502_253219613_2_2_0&highlighted_blocks=5528502_253219613_2_2_0&matching_block_id=5528502_253219613_2_2_0&sr_pri_blocks=5528502_253219613_2_2_0__44628&from=searchresults#hotelTmpl

Hipotel Paris Voltaire Bastille,"7,1/10",270,"[6.1337777, 1.2259398]",https://www.booking.com/hotel/fr/residence-voltaire.fr.html?label=gen173nr-1FCAEoggI46AdIM1gEaE2IAQGYAQ24ARfIAQzYAQHoAQH4AQuIAgGoAgO4Arf4yJEGwAIB0gIkNmMwYWYwNGUtNGY3Ni00ZTk3LThjOGUtZWQ0OTEwMDZkZGMw2AIG4AIB&sid=de1a1d76a798a17af6c08ab2e90a723c&aid=304142&ucfs=1&arphpl=1&checkin=2022-05-20&checkout=2022-05-23&dest_id=-1456928&dest_type=city&group_adults=2&req_adults=2&no_rooms=1&group_children=0&req_children=0&hpos=20&hapos=45&sr_order=popularity&srpvid=59ff656cf09600ae&srepoch=1647786349&all_sr_blocks=18465_187430025_0_0_0&highlighted_blocks=18465_187430025_0_0_0&matching_block_id=18465_187430025_0_0_0&sr_pri_blocks=18465_187430025_0_0_0__26960&from=searchresults#hotelTmpl

Aparthotel Adagio Access Paris Reuilly,"8,3/10",494,"[6.1337777, 1.2259398]",https://www.booking.com/hotel/fr/adagio-access-paris-reuilly.fr.html?label=gen173nr-1FCAEoggI46AdIM1gEaE2IAQGYAQ24ARfIAQzYAQHoAQH4AQuIAgGoAgO4Arf4yJEGwAIB0gIkNmMwYWYwNGUtNGY3Ni00ZTk3LThjOGUtZWQ0OTEwMDZkZGMw2AIG4AIB&sid=de1a1d76a798a17af6c08ab2e90a723c&aid=304142&ucfs=1&arphpl=1&checkin=2022-05-20&checkout=2022-05-23&dest_id=-1456928&dest_type=city&group_adults=2&req_adults=2&no_rooms=1&group_children=0&req_children=0&hpos=21&hapos=46&sr_order=popularity&srpvid=59ff656cf09600ae&srepoch=1647786349&all_sr_blocks=58508106_104803193_2_2_0&highlighted_blocks=58508106_104803193_2_2_0&matching_block_id=58508106_104803193_2_2_0&sr_pri_blocks=58508106_104803193_2_2_0__49428&from=searchresults#hotelTmpl

Novotel Paris Gare De Lyon,"8,2/10",627,"[6.1337777, 1.2259398]",https://www.booking.com/hotel/fr/novotel-gare-de-lyon.fr.html?label=gen173nr-1FCAEoggI46AdIM1gEaE2IAQGYAQ24ARfIAQzYAQHoAQH4AQuIAgGoAgO4Arf4yJEGwAIB0gIkNmMwYWYwNGUtNGY3Ni00ZTk3LThjOGUtZWQ0OTEwMDZkZGMw2AIG4AIB&sid=de1a1d76a798a17af6c08ab2e90a723c&aid=304142&ucfs=1&arphpl=1&checkin=2022-05-20&checkout=2022-05-23&dest_id=-1456928&dest_type=city&group_adults=2&req_adults=2&no_rooms=1&group_children=0&req_children=0&hpos=22&hapos=47&sr_order=popularity&srpvid=59ff656cf09600ae&srepoch=1647786349&all_sr_blocks=5414229_333878980_2_2_0&highlighted_blocks=5414229_333878980_2_2_0&matching_block_id=5414229_333878980_2_2_0&sr_pri_blocks=5414229_333878980_2_2_0__62728&from=searchresults#hotelTmpl

Babel Belleville,"9,0/10",477,"[6.1337777, 1.2259398]",https://www.booking.com/hotel/fr/babel-hotels-belleville.fr.html?label=gen173nr-1FCAEoggI46AdIM1gEaE2IAQGYAQ24ARfIAQzYAQHoAQH4AQuIAgGoAgO4Arf4yJEGwAIB0gIkNmMwYWYwNGUtNGY3Ni00ZTk3LThjOGUtZWQ0OTEwMDZkZGMw2AIG4AIB&sid=de1a1d76a798a17af6c08ab2e90a723c&aid=304142&ucfs=1&arphpl=1&checkin=2022-05-20&checkout=2022-05-23&dest_id=-1456928&dest_type=city&group_adults=2&req_adults=2&no_rooms=1&group_children=0&req_children=0&hpos=23&hapos=48&sr_order=popularity&srpvid=59ff656cf09600ae&srepoch=1647786349&all_sr_blocks=706202001_347387444_2_2_0&highlighted_blocks=706202001_347387444_2_2_0&matching_block_id=706202001_347387444_2_2_0&sr_pri_blocks=706202001_347387444_2_2_0__47700&from_sustainable_property_sr=1&from=searchresults#hotelTmpl

Hotel Beausejour,"8,1/10",440,"[6.1337777, 1.2259398]",https://www.booking.com/hotel/fr/beausejour-paris.fr.html?label=gen173nr-1FCAEoggI46AdIM1gEaE2IAQGYAQ24ARfIAQzYAQHoAQH4AQuIAgGoAgO4Arf4yJEGwAIB0gIkNmMwYWYwNGUtNGY3Ni00ZTk3LThjOGUtZWQ0OTEwMDZkZGMw2AIG4AIB&sid=de1a1d76a798a17af6c08ab2e90a723c&aid=304142&ucfs=1&arphpl=1&checkin=2022-05-20&checkout=2022-05-23&dest_id=-1456928&dest_type=city&group_adults=2&req_adults=2&no_rooms=1&group_children=0&req_children=0&hpos=24&hapos=49&sr_order=popularity&srpvid=59ff656cf09600ae&srepoch=1647786349&all_sr_blocks=5753701_113997069_0_2_0&highlighted_blocks=5753701_113997069_0_2_0&matching_block_id=5753701_113997069_0_2_0&sr_pri_blocks=5753701_113997069_0_2_0__44028&from=searchresults#hotelTmpl

Le Katorze H�tel,"8,5/10",487,"[6.1337777, 1.2259398]",https://www.booking.com/hotel/fr/le-katorze.fr.html?label=gen173nr-1FCAEoggI46AdIM1gEaE2IAQGYAQ24ARfIAQzYAQHoAQH4AQuIAgGoAgO4Arf4yJEGwAIB0gIkNmMwYWYwNGUtNGY3Ni00ZTk3LThjOGUtZWQ0OTEwMDZkZGMw2AIG4AIB&sid=de1a1d76a798a17af6c08ab2e90a723c&aid=304142&ucfs=1&arphpl=1&checkin=2022-05-20&checkout=2022-05-23&dest_id=-1456928&dest_type=city&group_adults=2&req_adults=2&no_rooms=1&group_children=0&req_children=0&hpos=25&hapos=50&sr_order=popularity&srpvid=59ff656cf09600ae&srepoch=1647786349&all_sr_blocks=653739201_342045045_2_2_0&highlighted_blocks=653739201_342045045_2_2_0&matching_block_id=653739201_342045045_2_2_0&sr_pri_blocks=653739201_342045045_2_2_0__48728&from=searchresults#hotelTmpl

