name,grade,price,localisation,link
Oasis Montparnasse,7.5,$102,"81 rue raymond Losserand, 75014, Paris, France",https://www.trivago.com/forward.php?enc=
The Westin Paris - Vendome,8.3,$538,"3, rue de Castiglione, 75001, Paris, France",https://www.trivago.com/forward.php?enc=_bfXsEkeBB7EBc3xsGO0i.hPJFcsBZCQZVBco8V5VjsbLgCXGLv6EDZ-sn-K6AvUUqosAiv8YfumMIJAtapsVtEQu0nPxnpgMu0NCX6tBTq8tP9fUqtSCVQQ8hm.LTGqi0C0QBNmOtjsEdHWXj177Hc3vatN.krXvP-MgmWbkp-V3RY7IHCjt1ZhVFt5ZdxcB1AV0gS2T28G2NQCgD8z-xmJrnn6X
Hotel Quartier Latin,7.9,$154,"9 Rue des Ecoles, 75005, Paris, France",https://www.trivago.com/forward.php?enc=_DETRfqq3MtMb1BGon4fKNenWVociD0sxiEZnTVu81a4Cx1Ds60l7.r6noAeN3WWU2rPZlfe0er-BUDrdL47Pw.0TbbQfhttLIykGTyg1feppN6uwzNt2Un1padqFI1wq0bXqPMBPQtkLXBmOdA8jpi2wZPLf1ZThjKsUpCH4T8Y=
Paris Marriott Champs Elysees Hotel,8.1,$542,"70 Avenue des Champs-Elysées, 75008, Paris, France",https://www.trivago.com/forward.php?enc=_HuDAzYGx7NxYySlCu.OeGzZcNuSXlqUJETgecGoj2xTD7NticuCMGngWGcLgKRnGo7hoZlP56asyU1oyPVhEg7xj-7gG3NC71dV6BLrmdijffR2ZayUX6LmHWWk1EuWHsEf-tk7P7wrFYKp2hZZF1IBLK7aQ
Hotel Icône,7.6,$186,"4 rue Amboise, 75002, Paris, France",https://www.trivago.com/forward.php?enc=_bl9QXywE2urDD8fQoLOYriBT09l-iODjwf10uIa8Vix7KEJahDEEhlkqPHJVQCQiJ77EchCD8odmEeu96qCElpiBfxitsBAfv6y2rJf3UG.Eiu6nJ2X-A3eYeIy6SxgZhUZNbA2yhI7.Ri1OWNTBql6S4AI5tJpHMP4YzzwSaqLHSYhjtnEHdle2
Le Meridien Etoile,7.7,$234,"81 blvd. Gouvion-St-Cyr, 75017, Paris, France",https://www.trivago.com/forward.php?enc=_ahpzh6Xvfv.4Nh.YZTX0k5aVbqsFD53poOnUdAqHCy5NpTAJD9aNIbjO4at5jUbiA6KKJNM3uGq0IC73wfyveF0H20uTsOVTmHb.dHohQSFrq39B8Sl7kglYleQlULR35gEB9SizSNwQcxg8Z6thV9X4Ktol5V0Q-UtIO2WsmWSmlQ5uqVUfADit9.P6aaGSXAjjWHnEQSjYPCI=
Hotel Sofitel Paris le Faubourg,8.5,$477,"15, rue Boissy d'Anglas, 75008, Paris, France",https://www.trivago.com/forward.php?enc=_jEg3PVgTqhJOuxP9yVC.w9KRJw9YOtR2YJRuscRDw9GZUA6cLSbOTHaRdrIeSCFtkC1A7ptdwul9ArA7POi0cfuRmx7uD0659jOAndhO2qXu9DvR3bSVzUf.yz9B1IOiizHc6MutafGtFFqR2SvV.gWNDtKoh.QQvzi5DK02VWV8Miz83GpIAit7VJ7FSlAO3dlerho6G3begrRcITC9o9KEW7TbYnKoLkq0xcqzatpXeJY0fCRj3WOL7k-RCduWcKLxMutWkSuJJ-5-2z-PVzvxvQ-J05F5VI3jQ0J0OeORFMtTY2t8a8bB3KusDzLm25LKTLZ5.SMGihIY98NbR44y8bWr
Hotel Cronstadt,6.2,$196,"10, Rue Lamartine, 75009, Paris, France",https://www.trivago.com/forward.php?enc=_FMRVtiepujqoTqUZn6Uc01BmTkvKVLFBE8hw6sbcXa0V0amaJ7AlyOxqoMvJsXPdEYSTPEhxEagnHvfNHktPJWWAhOO.89S16IdC9VK-pmneVC9Ikzb6EHdrH6rfr8ucT6VpjWy9H2eDLPp9sQ9Ciq.9ea83dac=
Hotel Le Petit Madeleine,8.0,$181,"22 Rue Roquépine, 75008, Paris, France",https://www.trivago.com/forward.php?enc=_Y75RkrS6VIj3ylzahuevRl9V3WggwPdtKz7-wioa9slERwSFTA--SBLuSy0uVkLmX1RSv6XKu.3TggYWvB7wjnByQryXGmuWpeJfz0vSusciy3oDSk9S5agHXTNJps4Ywiki-fbxcTyyB6XIbzHXZhZdwagw-mLC
"Prince de Galles, a Luxury Collection Hotel, Paris",9.0,$924,"33 Avenue George V, 75008, Paris, France",https://www.trivago.com/forward.php?enc=_HlllrEdkUmMujDXpOXitN45.ZAc8Ndwv06HBxxSo7-i17nnMEqpDqNnUzfOKXv-c2dHyvkruQSbRGqlaXNhPPHGrCHpXfmoBvSm2os2VC09RGKZWy3XcV6Rx6pHtx0EXlMEcwaZKWPqyROGCggbtTZxqrdPO6-ksV9N1P9WBA4W0hlUnpeOI0mzkY8InK6DYx8NcRxAnhX.LuHb2Pv-YIAaTeNmIJJPzYWuRU9NOmgGickk9gmCmE38=
"Hôtel de Berri, a Luxury Collection Hotel, Paris",8.8,$497,"18-22 Rue de Berri, 75008, Paris, France",https://www.trivago.com/forward.php?enc=_QTiuy0G3UrXLv-Keg5CsryOnchT4nomqvp..mqrvxIB0.bstIxQQmT873uLCQQWwU.50IFBZz25zY.5GMd6ekR0ILqRLZfXVVO3f46qgxeVM7ELtjFGdgC7KOEUnEngBP1qheYFC75AJqYEOd.3ng8Z4kWqFi92yeD7w7xBaBxT3sn56-.POmL4TVUABZ4x4ihCx4tdV2FS.GDcZGQQ4f3yGtfFZqcPlZYJlfNqSDFKuvTIZ6h7DVT0fJirNTdME5TjUmm4DEY.z6.c3G3WXLRRGx3vk0.-z0QazMTO2ufU4hjX6LLFqAtx6
Best Western Le Montparnasse,7.1,$149,"37 Boulevard du Montparnasse, 75006, Paris, France",https://www.trivago.com/forward.php?enc=_abouR0Hy-ThpsB3WkdA0fPydF1DcaVB87bcH1VEyk8oNGtQpNHv7ys15dfUYZdSQyOhuVxdVZIHvmhwlxOq0Q4wa5Xww1VnDfXMMLkA-HmzzPNU0XqDvNXjnOcRfD20mn8.Tj1gtIUc1YMQCZT9ZF8iR3ZfzfBd53JU=
Maison Albar Hotels Le Pont-Neuf,9.0,$376,"23-25 rue de Pont Neuf, 75001, Paris, France",https://www.trivago.com/forward.php?enc=_Rk1I9VYA6vouH8eClzs4Z6r9D2uovOkJ76eJCp7iW7yUJGYkrk90X3YYm0CqA5X4JjlGHlLU7v-UNlpncNNb3zfDV4KzXDyWmiacNvqwiSy4QK7tu3iHrqTXF7gn-1BJsOVh0.9RNtYPz8q2wZQF2swtuDgWC1svNnhDoRtaHtYKewmcbBT5gcH4s79byA==
Shangri La Hotel Paris,9.1,"$1,456","10, avenue d'Iéna, 75116, Paris, France",https://www.trivago.com/forward.php?enc=
Renaissance Paris Nobel Tour Eiffel Hotel,8.3,$379,"55-57 avenue Raymond Poincaré, 75016, Paris, France",https://www.trivago.com/forward.php?enc=_sSCmcPIac1IuNcyYi5-HP8BS-nCASr9.GFitBY7xduCvC3aLfp8BsOVGIMgx.Zgh8LL5aEumuusGUewH2y3HJejSAChxknT0KOY8-05OYG7RAmN2AAc.J76r66tVyrisGYdMsZn9b7aE45DGfa4fg.gVfxeN
Hôtel Plaza Athénée,9.4,"$1,607","25 Avenue Montaigne, 75008, Paris, France",https://www.trivago.com/forward.php?enc=_NpJPX2LNs3zktYVhHjHVIOvVtT0t1FuU5.IN.ci3dPw-AVmUzgEZZruktvkygTWlAFlkB-v48bccVI73izZL.tDCvs7m2K1tByd5MW5zdSSf2uXCiHEiWcpITcB2cJdlo4G2DIgW5121eJjKMzOaXWVCd2GuIXa4FXCO2qjZfaV12xvFWc6pzZKBYjfQhOC7CfdGJzMCHyhg4wfoZ.Mz
ibis Styles Paris Cadet Lafayette,7.8,$136,"11 Bis Rue Pierre Semard, 75009, Paris, France",https://www.trivago.com/forward.php?enc=_3taHGmhTmmktyJox.nT3ZtDoHtMNjvzbun3ak97vs9Nn.sIhgMw.aYpQa.COp9APWprYsfJDmnV13Oo6PaKtCwVmFMu2Y5GUG9oqfXSMeV7AIuXqaLB3HHTNTwodGdu78f7qHhRQwkShJ.5T6rld911fPU7g7y.kVfZB2NfQNkb9-ybX1oPswNm928gndFc5QFFqAP.-Ee-5hefjzLhnntJUItRzA0DO20247Q.mreFRNfbp359QsQhzQDfC7sMu2qn0PHFea0Zr21UyF4aT9GaiQbaaav1DkZwLzQwHIx2fQa9Rm4NwYO8now-g0LnbC0KlZloL3QxaA62QgNuAb6bIwF8=
Hotel Alfred Sommier,8.9,$369,"20 RUE DE L ARCADE, 75008, Paris, France",https://www.trivago.com/forward.php?enc=_nK3wsgM38eNZfy0NZjVbXtd7Fm8fWoXdOJ6-muLE30YJYumFjRhz1jZloCwBqZdwdBg33-VgwRuGfqMMbbxaeMMmtiMYoZ7xNB3XyF3nydp.Ned5SwI99JffHe45TcIwA5IAGVNmwp0hs0woTlBEDFSK3MvIcMxt
Hotel Villathena,8.0,$147,"23, rue d'Athènes, 75009, Paris, France",https://www.trivago.com/forward.php?enc=
Four Seasons Hotel George V,9.6,"$1,667","31 avenue George V, 75008, Paris, France",https://www.trivago.com/forward.php?enc=_fPXTtgmupkZ-uiZLoVFUoeEFAKqerZHpEqlE1rV7daXzfIebWHNbO1JY.ty5u24Lb5xCDSFeZrlNzaDjGQuwqcYkq10diWuSzIeozCClVaxK1gCSxHMqdkM4jX9VQjO-OMEAMhbq67kC040HqTbct9TG4vK2PUcClIBv
La Maison Gobert,9.1,$192,"10 rue gobert, 75011, Paris, France",https://www.trivago.com/forward.php?enc=
Courtyard by Marriott Paris Gare de Lyon,8.7,$261,"209-211 Rue de Bercy, 75012, Paris, France",https://www.trivago.com/forward.php?enc=_0NkiJGEeiPqAGEK13GmJuosdgCBAJxPzXwBk6s9kUfmeo.EzW91FMcsib-6YpN-sGbsiCqTgy.tJkYkBEr-BkD-vY4Z4q1r67g2bOf-b9QqyMf3WrtNvuoTZyBV0jT6qmFz3xcp9OAkXRexz1sb-F4x3-G6kQdqFIk8XNKZ0j7BTEo3P4spD.Txn0WVM9hbkIUb1uga97BzH1Jx5pnD6AVQWNY-tnAUx
La Clef Tour Eiffel Paris,8.7,$271,"83 avenue Kléber, 75116, Paris, France",https://www.trivago.com/forward.php?enc=_8EdYVVT8-.Z8QbguxiOQirPJj-HrzcC2DqgRbf86u5SWpSGkFfRXgUD-zKXP-6.-8TobEVuCM9Q0e3S2Mc9mWon8ddHCHZqOuKPxNhdmkwFLUYnt4o2O.teV9dbBoS8hMBCzN3FA6U0zITHf3czzHYB3.SnrnsUQOdu1-CTkXwASsQTEPjHSvY5s5TBEsYCAawhMPsrDhFW31AccTZl49gTgAS3TJMjBxabg
Whistler,7.6,$190,"36 rue de Saint-Quentin, 75010, Paris, France",https://www.trivago.com/forward.php?enc=_wXDXwPdLI5tM7-cnBi7AsgBK.vimqhgY4RyjyThB1csh2hj3BEHc6v8NUfnlTRM5RG3tDWCCcKUAb0pAoui-FFCIkvo.PeSjrJZwVXK0VReJzsfsUntHCjtPrhxAPpiHZg.7-7KTTYBksGG0WkOCl6VJCBM=
InterContinental Paris - Le Grand,8.8,$429,"2 Rue Scribe, 75009, Paris, France",https://www.trivago.com/forward.php?enc=_3QDw2avNd.aFKIjqHrX6O.5XrEqr3J8Q7T4F-08UHnz2SfOqLsx4TkalfvAq0YAbUurzZgNpsrsflSU2TZPFu1nQiA9K-LSjbwGe0fkGYvt7tfTktBEss5If2NJlaoYdxdhlG7AHCiMVdx6HHh7pcKvIYC5i58oh1Z9TXjvf.dx6z5Z9nzeC8tmzY636P4pYfQE3VxWHtF59fvRDTK3XWeWQLkfo-Bwd-0Z4XjRP5leuPw3tHB-ZBSj0hVK71jELqzJbl-475CfH0RTgcBJNAX3VbJBQykyzy4I.5EBhUzEzqhzKgBLTMn6FGDTRmzz8KMoh
Hotel Royal Opéra,7.6,$199,"5, rue de Castellane, 75008, Paris, France",https://www.trivago.com/forward.php?enc=_Bn-ne1g1g.HZjuq9.kibLXdJNbD.bxJlyswM1L3VIsBSIu3mH8A3ygmhOS7zkc6ab7qtf4W4181gHcV-beW-UNPSZt4M0zLPAI4EwwBuVA5QYnY1tTobXGP6HQeHUCw-kQACxVBU-pNBbff6UOjsPA0.5G03koYCcUpQ8BSJo9skGVE=
Hotel Le Narcisse Blanc,9.4,$441,"19 boulevard de la Tour Maubourg, 75007, Paris, France",https://www.trivago.com/forward.php?enc=_N9CSZTpc6Vu20golVrFv9iGHwrV7Gd.M6HiQ3TbKlIfuPaOMynXvNpB9hDLLvqJGEz-WKndEF4XW9Lswzfc7j0Eme4gZbNK0qLJzrVYET-To0iiNCdEG5bnMupO.v55cD1Qs5IykFjxopVr9rZGgzL6cVNQ5KQ==
Saint-Roch,7.5,$164,"25, rue Saint-Roch, 75001, Paris, France",https://www.trivago.com/forward.php?enc=_jwtSFwb6c4ytwcvC5lpiflZA4xa16SdVM5GlkQPaHZ-spSlDFgPCL9ICqZiJKU87lCJfULufQZibXPpt6JSxXzidi42Exu0jdurbTROT8l7tukrcJDSFYNqOiEV6N4XVjJAPJie7PMHkO2sQFTp-yTYegpU-UFfnn9os
Hotel Marignan Champs Elysées,8.8,$400,"12 rue de Marignan, 75008, Paris, France",https://www.trivago.com/forward.php?enc=_fuSYZsrqXx8JctlyC04ZXHwrzFuHF5fTKgI0mSaxIOdinxOTtknFqYK9I9Vebh.wyiSPMvzyQ6rYjIynOOcZX5IFls7oXZ.YhosC1o7glGzXK2npDZJ-yIzpPy9eiH9LcFRFLby2J8uWjVoyNi3bUbvW2sIIX-OAuwAJvM0y
Hotel Plaza Tour Eiffel,8.5,$184,"32, Rue Greuze, 75116, Paris, France",https://www.trivago.com/forward.php?enc=_dgWFdTg3xpoI9HDNDnDdNi9Opy5iSGZTIVXaprXT3hN1atYnD8Cp1OdyfLaD6a-7NgxPuCTWlcXlALUlB2E82jQQPq9FaCheqXMeKCuUVQpyPH6PvXWnT8G7DNfTjX6YgSq79dDeUyuzw6xr14LETvG9NcA=
Hotel Le Burgundy,9.1,$526,"6-8 Rue Duphot, 75001, Paris, France",https://www.trivago.com/forward.php?enc=_l0bvyzgg8sA9SPHVNrEE73gAYK82kqW7CD.mmdjGvalWS8EM-RE.AJ.Oa-MLn7LHKNf7fbojXsKRWlQV59GqL7CiZh89nTPzKHtG5fkFh-bRUWqo1H6wOayJjmESs31xoMKLl7xkBacQbgxi5Zod7m0G8IDSQ9DbWKpEj33rvrtqKqSqiPBPcTmIg4lvEpI.yxwpFK0CKIjNnAMK9YWC2iaHvae.VUDpHzu9vV9HN7UmlFo06FdpeWBMFP3QrTnm3ZlZ8x4T08JFPnGp2xRRAsK9lYG9WcqEclrPkbqf1Nwlv9OHpqM9Jl5jr8hoayLeBu0pTq-odrR5ftufrnAbezfBaHmdvg==
Renaissance Paris Arc de Triomphe Hotel,8.9,$501,"39, avenue de Wagram, 75017, Paris, France",https://www.trivago.com/forward.php?enc=_h2VpJpbb11Pq6XJrKzUY4m0K2xrxLWGcZqlhbOW1mCs.S8yosRodACgyqr20kysfl6wgoCHL9Bhr3m4qzZdho2IRfaFGQMblucrBj9Rqzrjb2kui2nokBhBBgu7e6CwIOQI3lMA-n0DaYuBO1F5clxQZ6lE5avU=
Hotel Bel Ami,8.8,$436,"7-11, rue Saint-Benoît, 75006, Paris, France",https://www.trivago.com/forward.php?enc=_4oGY7ADtomLXuT3a6bBJwJsHa8aGDvT6N0SdEBwVCQC2onnEcfIFbTGQU5GVrk8IdTypU58Oxbfb4pLoC2LEvmFkeUF0GfVYW-12zFrQmWlAsf2UN6Knk5f7TSgW6nPxRzBqhl8Dpq6Ykm9Gmijo3hP0
AC Hotel by Marriott Paris Porte Maillot,8.5,$225,"6 rue Gustave Charpentier, 75017, Paris, France",https://www.trivago.com/forward.php?enc=_n-4rwoF-drim6A5AuavnoCtUHhrYivtx-b4ND6nvWNVLOGI.p1GLJ5.qO627fZ7-DEePz5vt.alhKBB1ZkTYlpl85Oi5K-Ks8TMzTUGJwXreomrt1olod9go6qGfdctU3FM7QdDJJQF4Kj0OQF8HaF5pzr9rnAw=
De Fleurie,8.3,$153,"32 rue Grégoire de Tours, 75006, Paris, France",https://www.trivago.com/forward.php?enc=_KhhPnZi1bRPeGowjj-vUE6.0Iaj21r6WpKRcO85kK.K8BEEgtOzF46W2bpulIDKQoMUz2s7mTR5wvJ4YIni8NGDFqeSFnmytklv6REY2orkIrf2bLfExd0PXEbyf1VkMLM27lCU4B7IFlQAU22-K7si25rvRxhKsHETE0dpU22gt-1tEjFesK3dCfblWMApvJ27xk3x.QC4KEuRQt3ou9sswouGlkafP7Q3A1wEr51KOGLSRx655Xj6y80eAX2PVGgesLZDDFGlzFFh0PXjd5SfjdZauasS2eQ2K2k5yvdzgZND4t.R22lJk6MQEZWZjVjpaFe4cfcJvbQ==
Hôtel du Louvre in The Unbound Collection by Hyatt,8.3,$512,"172 rue de Rivoli, 75001, Paris, France",https://www.trivago.com/forward.php?enc=
Hotel Etats Unis Opera,8.7,$288,"16 Rue d'Antin, 75002, Paris, France",https://www.trivago.com/forward.php?enc=_MT7fZJjAkt-MPiCn--xa6TjQgfkRH4IvOrCAK6foInfpkqqqNAB.4JU93EdpUexY.HapyBXIGAXqF1ErIm4OW9qPVQi7FTzF-82HxqqMHZ8yfDzPJuLALOyrJRY-5L4fKrhU1UxvZemduQGmZRzI.4IqwEcPA1cSU8kbdQ==
Hotel Pullman Paris la Defense,8.3,$181,"11 Avenue de l'Arche, 92081, Paris, France",https://www.trivago.com/forward.php?enc=_awqtqWb0RZdiMTIT3A.GOrnqMuIXhBZoGh1Cgo7KxaTA-0tdrlsRiuC8YL9pl7S9jXVp1eb5L-GBXL-AdzthBnKp9j0sOdfrTpuzuYt16D7FvKXvmGa9JhfaRIZJxRr0ZiUOAHqKMnh7pIbxCIkgTNV-1TQL3Ip.W-XeJ6zP2u8S-Wxqn1BstKEC0ake6v-cBVPyxN966PWhB8HTlMOnyuDwWbPIW2OnTuX5qxUFL-LP6ivV6PovG6nGEwQnEzE5TvJK0gU81Jm3FCSkpukIAzc89dZ3vq4ekL2KJ3jaVhxFkqjs-3VkBGflT0MDXivsaqfDC5FiPriEOWZV5YKUYDRb938=
La Comtesse,8.5,$264,"29, Avenue de Tourville, 75007, Paris, France",https://www.trivago.com/forward.php?enc=_mRz3MKEs9lya4aCZn1cVlpbOJ1rdjJa2OQM3RvC5zRztFII4Wljr3xIbbarLVTQpyYwHYz3S6rm.31Xro8Ie6sps95YpAU6ssYzfUwsR5Aeb.cxRUhno.JSIe4hXq5CwZu8xHxAcRU49dX083x26sg.fOwA0.nVRwJEJyFRRBkE8cMosMI67OrU5Qlez58EwqcbwL2IyJ9QQ1JDjmHwgdJiMw1Nuum.QSZRPepn6gYFm5ahKcDXCd6lZZ225Ao.YpF7A.UJiOeoYkMRrE98lXZd1piXCThGhWaJkXGwdgMSinT-ItNL-P5Ud0HHN7GCyyFno
K+K Hotel Cayré,8.7,$207,"4, boulevard Raspail, 75007, Paris, France",https://www.trivago.com/forward.php?enc=_M-.O-VQurehyv8W68MHgMzlnUMcjkee1BAstLYluKcTNOFYtt26fAy8h8MuNcFQUwl1zcxJYjMLQtTnqP6Gs5gmHTy0DiQyQo8GyU7ivL8WSLOxFkyVglRaQE5NUZOU.S1U4qnjJZ45g3BUc1zYfBLmt6125kyEFDqinijEhIjjpE9jrjp-OkjibyG8B1Torz3OeBD93tO.2yiwDUQ-HBa.OxdADStm-qomRFoyNPyty3etP911nXtk2lgSczxknc2Cx7asamAUnFL7K0eszpxFqfMzdyr2WjxY7YgZfZcZZEBIQS6yyNZSciR-vf5ToRzgdoTW6vF9vFDJ-YmpjF0GL30hp
Sofitel Paris Arc De Triomphe,8.5,$387,"14 Rue Beaujon, 75008, Paris, France",https://www.trivago.com/forward.php?enc=_sprpfUj2TcvL7iCCG9aXuIz9mUqKynFtunWKg.XtEJEONWpupvEN8JtMFJwJuakgBh0zn76NbrwqZ3dEUKmpxriLoLsuG9ypLS.Lr0LSFMJgdWiInYhHJ.T8g6Yg56HKwnSiutjc7lG2nsOZrRjGPXnC7WUUe6k.TdKJf9wiRPyPMs5EtN5.UmdeViTI9RkTdGM.yOiYfOMgCXHXCmaY9FigDpcTbxlwJL3ueI7zIw92iPlVGvggVsnuzZYBqG0NCAS04kPUp3Y1rcRg.pF9.vlbdDc49-Mv50l7hpN9qrifc9tpXX09Gcb3dWA.awgS2-b5rIy-kg01sdlAddXxWkayjW4=
Hotel Hyatt Regency Paris Etoile,7.8,$274,"3, Place du Général Kœnig, 75017, Paris, France",https://www.trivago.com/forward.php?enc=
Hotel Best Western Premier L'Horset Opéra,8.6,$251,"18 rue d'Antin, 75002, Paris, France",https://www.trivago.com/forward.php?enc=_RcQ3OXmuZqC7QNW7pvZTnNmtMwAwCfdV8dRe0OkcHQ0K1RBHnFGU4XlVgtcRbUI9RYNg3I7VgcT1kKjcEskyW80B6ucuj8.mKVL7AkAYOA1T2s3zA6lxjtao-Gr07gvskCezEJwCwDZnhQ1g4Pfl5R4Hgm3I
Paris Marriott Opera Ambassador Hotel,8.3,$307,"16 Boulevard Haussmann, 75009, Paris, France",https://www.trivago.com/forward.php?enc=_7geRHuCh9qTC2hNSEzueMmHSCLIAEWtfOpnpJR7pwT68bN-AYMLvK6j3nwphRVGoQ7olBOL.EsVkoOTENSoX9Mg7goCzI0bDMQ-J-h-bTQJdiILHL1CG3EOk1UezGPjegpZB2GfrSMEIwQ.u1ZNyRmPVoORr
Hotel Le Lapin Blanc,9.0,$201,"41 Boulevard Saint Michel, 75005, Paris, France",https://www.trivago.com/forward.php?enc=_mbaXfiQtFzVP-ayiFWapTTttky1Xk-nvCC44TUEiTyvp-0reUp1SutcRj0jKxBw.GPpQk5.UlxCxw0RypRV7y9pl0gLXEmrxwLvWnqg9T2CrhvlH6SnFQauKD.lWEKn8aixtwT0R3DyHzKsl2jhGp6NJ0pfjOCwdCd33IFEZo4bHRHU51OsqhYXBiz-ynaC1YeupT5bCPuF3gIb4p0O50ekOdmgaRx13Va1IDR1pXfjvcNHz0lBvsUCH4lpmNlEUzPf-giV2h30SclldkcqAU0Vip1gBgi2Y-64j0w31V4mHeovEcFe61WJ70o3NlvOHAS.uVBnBTC0=
Hyatt Paris Madeleine,8.7,$429,"24 Boulevard Malesherbes, 75008, Paris, France",https://www.trivago.com/forward.php?enc=
Hotel Eiffel Trocadero,8.2,$205,"35, rue Benjamin Franklin, 75016, Paris, France",https://www.trivago.com/forward.php?enc=_wOCARd-CQM6tWZ0QuGuJD3ROOEMOZLe6Fx5YZlaRy3M-dkHWo7yFYuUKvg5Bbjjr4He4kvu5QMHp031Fbst975yclGY2PBONfMcrwF6W-hL9KSYcDBxSKHoltlGC9EEBYD0QhZpcz5-Y5mYX9Tyj0pDVnxBYFoeBdg==
Maison FL,8.6,$167,"6 Rue De La Tour, 75016, Paris, France",https://www.trivago.com/forward.php?enc=_.39lzmfkjHEV7WJ5iLtimz1Xyw27Y7LED0p2Tbw.PNicmmzI6J0FDRjO.C9kLRPv53Xn15UpNoFy6iKN-bmn.cOww0jpGoarAsg07OpJJvcPDXhQjAQzfWuUwdehsHwtd47h3wvleK7z71Y2cc3HYvLSt1VZGcdpIKWUf.pUqGyblVbFaiIkKSKHv1Uq4Utdiya4a1XDMEbxq7ho8YfCWYB1xJK4dz0hVFK-xHm-hOIDuZvwSM0-RaaBfEbfjgeSm6RRGVfBOUK-GGGmOvycF1oe8xhIRyJeSqlV5uKM7gYIDyhgp-GWkHfO.uf46fI=
Hôtel Oceania Paris Porte de Versailles,8.3,$135,"52 Rue d'Oradour Sur Glane, 75015, Paris, France",https://www.trivago.com/forward.php?enc=_jfkn43-84qwvQ.sg78BgnIFO1kKRQgfTyBm3zFLCVeRa3ZNIIyv6Dvaji0gGRxuxvQvk2um6gGGqi0seXYn.hGoirrP.ifR4z6yt3qFV1tGyKUwXJKSjUM2oMebVOpRyyJ79oti.-bgIEbHDib8xGgmC4APRPO2OjtIkRwjt0YaxJxhohT2xPD1YKLPoQZfiCozUCPz8WC5paV6FKyWWbBPGCsGHMebzbbQcTxkEs4cMjmdzX8aeaW3BhKaDz6TVCRMUf6QxIvUeIlbmMHi9p7OrziRZwntcffOqUQUQc5oq075YOP43OHPD9nfpia.GdWBJzCOONEvX-eq08mFM-44=
Hotel Vernet,8.7,$445,"25 rue Vernet, 75008, Paris, France",https://www.trivago.com/forward.php?enc=_oYPFMRc5vWbRW20QNLxKbuFPWtcs-H2n0-9TocFqzTFOxJG3gLvaZe3FQ8DYuO6U7KD4TnVZuzcodADjDhlby2eh3T7YCZ1ytr9JJR3XyGSCctYAV9dcrqXmk2JXhRREjq9KWlRI2s70LduoncdFOwGi7g==
Hotel Chopin,8.2,$118,"46 Passage Jouffroy, 75009, Paris, France",https://www.trivago.com/forward.php?enc=_V1L-6ioxS1lI5hP3Qres8pCqwY8eUYqYpXZX2pJzDnoajAL.HjMeK-mXVePLMFqmwcBZwxd2R7YMVjfCd-7XXLSPI8ZpaNw4m8p1ilJX7pkMr9SwsbL51B72Rlf0mFdS1VNouVfaKLQnn8zvmn9.iuTYjF8Z86GTdKeQ-UVA0nKv5muapQ4=
Okko Hotels Paris Gare De Lest,9.0,$134,"30 A RUE D'ALSACE, 75010, Paris, France",https://www.trivago.com/forward.php?enc=
"Le Dokhan's, a Tribute Portfolio Hotel",8.4,$353,"117 Rue Lauriston, 75116, Paris, France",https://www.trivago.com/forward.php?enc=_KLjnljWqhdsmHnt-suTaHw4Qkw-YQ4edtDpx9Mf8tR8iOz2lK0.ims4Rw3TesMzS0hJ.ZjLwMlTb02Fa1jqdNusj6FUv9zWC31eMzr9JvlyaqlXHvFxk1k6b0XwlzTwEChHsG7b-hwhXJBcdsPVdS7tqR0uuEyAy9skeYHQNFUOi.1T544kNtyo=
Nolinski Paris,9.3,$552,"16, Avenue de l'Opéra, 75001, Paris, France",https://www.trivago.com/forward.php?enc=_vAxuxluYkwpJW35wTPJFluUxwNjUoZ-kbBMUHmkBzgQQy89sqX8IPPK3Qfuq6P278FxOdnL.34y5J1n3jAY9LUrVUKFwk.vWCN5XSUUtUdS-deSYoQRC2EDUMHUfjawZgRVUNcsEDZEhGLtgGyQYvnY=
Castille Paris - Starhotels Collezione,8.8,$422,"33-37 rue Cambon, 75001, Paris, France",https://www.trivago.com/forward.php?enc=
Love A Paris - Adults Only,6.7,$113,"88 Rue Saint Denis, 75001, Paris, France",https://www.trivago.com/forward.php?enc=
Hotel Lutetia Paris,8.5,"$1,187","45 Boulevard Raspail, 75006, Paris, France",https://www.trivago.com/forward.php?enc=_cgGp1esbjtEB96b-kVAB02CIOCgT-rzj3q-tqSMuoSLSxwGGq5VPJdW2.9gq88NseVpaBaW2TOVadr5z0Wy0sqDYMLVdefBykdmUZ30x6oB6KrmPt.b-vG0GmwwJY52tJZdq-.QAbSIQ3Sf1QeMgA3ZtOqW2NZSqTg==
Hôtel La Tamise,9.3,$298,"4, rue d Alger, 75001, Paris, France",https://www.trivago.com/forward.php?enc=_ul2V1j81mZrDZP7SBKmSWuBPlLOzUfKZ9BrI.aGjnM1AaQ4fjvVmZErgmCoGHOZa50LSN01yLYjNc03scTtjjC4jHu4JDaRPxhYUGEx2KdkAF0sStPF77rfOlf8rFQ0o0bz1T6llx6PzgYTh5pymig==
Royal Madeleine,8.7,$265,"29, rue de l’Arcade, 75008, Paris, France",https://www.trivago.com/forward.php?enc=_MdOX6AbamwCRjFJNwy4JeCxEPUC692392itPcbpq2tEapdSWkNhly.T-2e1c0SpL9fgClcrSzkN.Hq6kv15UFMblfrGHDe0NXoYQOviATi74H0Ku4rCP81S5dxuHFYwuKc3qhXPU-6rElkvxVHWzBOHWYqIO-.z5PEU=
Sofitel Le Scribe Paris Opéra,8.6,$402,"1 Rue Scribe, 75009, Paris, France",https://www.trivago.com/forward.php?enc=_jBzBYgqPXJKwK1lREv1KOyKXl1cOo-CrtPrHhQDe45PwPGVH2treYmnyuJlfMiNEfAx89glMwpjcxEs20eIUMxz9jFwtLe0-V6KN9Mc2-NyPaDUooKYaqJiThxgjDxQP1JYcmJ0QkXReeZ19pZP7hjkeYde5bpChxuw=
Hotel Champs Elysées Plaza,8.9,$401,"35, rue de Berri, 75008, Paris, France",https://www.trivago.com/forward.php?enc=_5VpKq76WL3rZ.7mD1Ec.qxfAvQ.gFfx8kRLuBz5G3XqvC1iXUtdr57aJi3JtKMFc4QD38wlNEsHpl9g8ZU4whzr29FDeM0SkRMICb1gHABSjKqS6098wgGiQjPr.5M.nXt0gdyVNh.Kego42IXuRtSokU1yuj2NUNw==
Hotel Lancaster,8.9,$439,"7 rue de Berri, 75008, Paris, France",https://www.trivago.com/forward.php?enc=_8DmsaqkHF7bqGXB-v6Q1CuuBCdaztsWn.LypLYIG78dpBAykAPtjojoz8amfK8-Eig83F7RRdeJe2vVhaQ4iGzev9ui8XwJKg3MrMhF66zLMD7I80FTkaDk5fzABn53vQhKaldVnlA1Aw-Q8pSAdnRB3MUA=
Hotel Raphael,8.8,$376,"17 Avenue Kleber, 75016, Paris, France",https://www.trivago.com/forward.php?enc=_AQYFvXjqd5aV-Nuds28x4zf5bLj4hysKuCGDBI.WNkRBszWl19YZo6Lj9z.Cvk4CqX7Sa03DscQkBmF8V9PvmCtkhyL4fcwnxdr9y8L1AcLJ2B88Wxc1-3uNyAqA8xXWIRlH1SF556jDlYa79yVBbrC7
Renaissance Paris Vendome Hotel,8.1,$743,"4 rue du Mont Thabor, 75001, Paris, France",https://www.trivago.com/forward.php?enc=_F3B1i00KjRxu9kPmng9tq6twpk7ULvzu8Vl1wMgsFPqRSPD5E56QdBFewYHLvtpHDaANC4UulAKO0GolmiOq4DMAadYuhO2YfprxVMassjzvHI34d0C8gsoWLLp4zMTwugo8i2QnoyHnNASBCqTpoZP8H3MlsWBjjj1Uj48wcjX5NbM-zcctUGkKHG-Q.Xgpm-Q2ERe-0NxL4k4NomNLxAMtkGciLAHtyBIxW4oo8oIIGhn4-i7z.JnXxSDqL8sGSM.L14AEV7b558nW9adRnjzIKpxH6gVZ
Hotel Le Royal Monceau Raffles,9.4,"$1,165","37, Avenue Hoche, 75008, Paris, France",https://www.trivago.com/forward.php?enc=_qyO6XTaejrYEBIMOTWldhlvmKp849pMiyrnuq81JUHXNJZ5lvNvaS6GpDHXrhP0we6fhrDPnRWUdHvDpF-bk7dh0Ynx7uLaWOigRZ07pwlGcqEDAMrJwJNE.zoJskl35JQJd.VkWlQz6CXtrVvoWndiSaKSw-A==
Hotel Avia Saphir Montparnasse,7.4,$381,"181, rue de Vaugirard, 75015, Paris, France",https://www.trivago.com/forward.php?enc=_tXuFtHHM2yaBKo70.K2sas.9id5PzWIoLk1DrhQRfjjT3jrpHMsCVngKvzyIXZYo.Gd9rRo2BMqFTVhhA3EWLQhxNASvAZIcKzSkjKUdPPvZGqOZBPXl3x7cfIK6LEbc5LbTT18MdVTFyU4xFAex
Hotel L'Empire Paris,8.4,$280,"48 rue de l'Arbre Sec, 75001, Paris, France",https://www.trivago.com/forward.php?enc=_j2tBXjzfBgWUUAa4rKeyLd7XjgVShaUUeLE-zWglUnJsM5dGE1TeJ4TBwLIHsosnLw0PhrRUkcSh4Ut1PHucJIfinklZx19IEx8ixP0ysBXfcNmUp2aui7trsBQ0iWWyu75dp83NHdULGpgNr9hrCHk2IRymHA==
Hôtel D'Aubusson,9.3,$635,"33, rue Dauphine, 75006, Paris, France",https://www.trivago.com/forward.php?enc=_muYYPSLNgEom8hdGbAKDgrh0xACNejiDfE6jO55ugGB2067zTKFkLKq2r32rKlEiROmX0QQc3JyNE1KITqhXo.S8EgSXedOXxQUWLY5111v78ScQR7HhxG71BMPlyTjVSLKEjNA4Z6xw9R-Utk3.QysMyg==
Hotel Park Hyatt Paris-Vendome,9.2,"$1,155","5 rue de la Paix, 75002, Paris, France",https://www.trivago.com/forward.php?enc=
Regina Louvre,8.8,$393,"2, Place des Pyramides, 75001, Paris, France",https://www.trivago.com/forward.php?enc=_KntkdtQCrMYzZn8VBoB.ljx2UHj9Qx2lSOsKp1iQZrFFUohj6lyJifHfbaPlX5rMfg5L.-dq7HuXE70aYR.HLtdyqcnet0a9chYsrKKgBdOky2RzLWCdmEaG6A7RpX4CQsHx4Ev-0Yp.ebOHWgejcYvrpEmhSuxD.ZaC-hKsygjJkM8oGrY=
"Le Metropolitan, a Tribute Portfolio Hotel, Paris",8.2,$382,"10, Place de Mexico, 75116, Paris, France",https://www.trivago.com/forward.php?enc=_tvfvP4PY1oquHrJo5C.uTc6-F6RmAUxF0CPhO9bZqHkDK7OHi49jCKU03jPzKpkVp1yNoN3V3.nUzTAIi27NJmpgDgX7C2w-72-EfWVHxArL0ayk9dA.JLTaGiB6psiRb3pWBsEg1MCRSTh2ziuZADmbOIYk75b0Cou7htytvQEeo6dwuABBgUFhV.AJA74D-QN-cWm3efiTZmF7AMq5gZrziKIRXHKzbXZL6o-9is8KRbahWifzUQ==
Square Louvois,9.2,$275,"12 Rue de Louvois, 75002, Paris, France",https://www.trivago.com/forward.php?enc=_iLiyuxIXOW.4Tj3uOWtdtFb1bhB90aGie41.6yaHt.zoDP5T9IxNRK2jxrZgkEORbuKwTv-s0-VIMqGWAWJgG6mmxne3HlTjLqwpkVpX0xx9g3BTSR7ZmYIVX0ASUBzyxFrwvIgsWDYG4otteyEdXSqijfHND.xJuBhZhgf9
Hotel Les Jardins du Marais,8.0,$179,"74 Rue Amelot, 75011, Paris, France",https://www.trivago.com/forward.php?enc=_5ab0GbNFqY861aQpL5FqFhA0sdvic-fg22OXQWIL-8X893gsS35Xur8kh0AcKwuGsuukgjFQ-NWKajSltQXEORkXl2DQNoGf8gDcSP1nXD85kAakvZt370G5HL9Q19gIe7AMEI8D5C8ePqBx0taSSRbzRZa3yx.2U.GQhgjpIO6knDKogDxGHCwUAJKPZYhgwBMZq2V5fhirwP3lPSOY9ZlSfwdS0Y2ylLj2-J9rxLQv5V0MM2kU5jLBAnecetRHkAPcnvLkjrOi3WhKYP69YovDkSByAXJGgEc.lrXGeEHm.kRpy-kWHdEKjt6UD-pENv0qD.fOf4QJynvupZdYsc040iQ=
Hôtel du Collectionneur,8.2,$367,"57 rue de Courcelles, 75008, Paris, France",https://www.trivago.com/forward.php?enc=_JvkKZVDxpk90X6TYwhh63lh.qJbleiewbSZ0D22x-w0CV3HMK2I9Z2MfFBAd2ykzL5DnkZbVhu39FcH5sC8qXoFFnhUnIp5U5rdtzbYAoNWT-tjCg6kLg9YqTVQlRExk8xdovDc9i.9CBuyW9HRczAm861ye0xvVD7Gy.F6RI2GeQH55shfrvWmPPONZ677.XmjToF-ambxXD9mEocsXINKcYYlUi7q.avCeg8kmoFmQ2OdbnONCFe94zVN2JzHO1w2cLeuG.neZgeOvzicfwyEdBAfwfXqBQdvw7BGobLFO9IcNawgbbvroVgSrqRSR0J4QlY8I-4krUQ0mwOnxfPr6A5A=
Hôtel Paris Bastille Boutet - MGallery by Sofitel,8.8,$220,"22, 24 Rue Faidherbe, 75011, Paris, France",https://www.trivago.com/forward.php?enc=_bcla9L2T5RFBGJ6-5wFIeVsPHwNxJ4JqG3lYk4ci8UEt85J4Oqh8sdOO90cbYNjBTHGC6VAY8H8LWrT8YyFgIUXe0XQ-RJUh19Sc5kFBNiFNJv7AmkY6iPD7akyRaXvV.vsCPhlZnZKXpYrh44uyF3DTL8TpW4ee0z1GKA4FMmbriGmjxAeo4XeLYGNZn4ehQCEfUdKLWd2FFpRvyDypylh1ikATwa4IwVWwsGmWKr4wW3mMHnd3g7yEaOByf7AAhcsf-yNfxPQRc6gGVZSXWNakak8A7Juc5smrFdvrGui9-Ak-zkMiocqLXywvenAwUxbregnpbe8BwtqbwMuF5FnMnZctZA==
Citadines Saint-Germain-des-Prés Paris,8.7,$212,"53 ter, Quai des Grands Augustins, 75006, Paris, France",https://www.trivago.com/forward.php?enc=_MiWQYzMqCbkwxZ0hvTJ.I71xm3.iTJUqW7e9m4ZgACqEM1EGAAG0QRgBpE4ztpnSprv3TWdfgc6JUw9R3aKiblzb3PBlw-FAn4MKbKJoNm-0btQzjlnwE8r-HG.haWP2juaZPQHlAqLjmgAah6.PZ39jhoINk-wHQJWC0J4L7xzRo2gJlWDHJVUG5S8pPaC67wMLqTzlLH99nfF3IA==
Hotel Du Rond Point Des Champs Elysees,8.5,$202,"10, rue de Ponthieu, 75008, Paris, France",https://www.trivago.com/forward.php?enc=_aMR.k4HWzy1lOMcxTEUK-cLeV3he2azkQOBAtkvlbtFHXFUXAFmvTG300eDPSolG.UzRU5uP7z1ppaWYqVAbqHSov5DwHrPgekjSQD0syNBVjeKVeCXrqAKfouEebHNmQQ16ffTLboE11Rv.81uUROV6yPEQh4F0p619T.crAbmVSEKk37W58Q8c7SxFMw==
Brach Paris,9.3,$603,"1-7 RUE JEAN RICHEPIN, 75116, Paris, France",https://www.trivago.com/forward.php?enc=_0wltEueGgIpi46cdbhao0Q-zE77g.21cmUDNiisRV7HbtNPdDaBVRX-aZKAjEQF4P0fMjz9j3ktlPosBHSGO0pIfYU4NlIGHfLEjzrZ0FU0snmQBKp6qjgWxBFFHQaguICkHJHwlNXa0Uc6he4g=
La Villa Maillot - Arc de Triomphe,9.2,$234,"143 avenue de Malakoff, 75116, Paris, France",https://www.trivago.com/forward.php?enc=_WTLPElxQj2kYW6LrYYj52.rnh.qjiknaDqsCwg0ICz8TfC1cZ1PwFltXdss8vtyib9TaBPbeNcKma326-e4dZinCiFSdhapeFOCLOP6FGnBc4yUQ20PNS-9jbtQw32ssuSOHGT9ix1XPrZ4bstF9f22M
Crowne Plaza Paris - Republique,7.8,$196,"10 Place De La Republique, 75011, Paris, France",https://www.trivago.com/forward.php?enc=
Grand Hôtel du Palais Royal,8.7,$466,"4, rue de Valois, 75001, Paris, France",https://www.trivago.com/forward.php?enc=_G9dRcbwsRxr9ytA-iuKieBFcLRP8FPyPU5ZFS0WyffB.RE.RZyi0abpeoY1syizZvxKQgS2LNcADQXbOlj3jGy8F.D1ahO8Uubm5GXigxl1a4a72.HB29YRQhGpBUNL8nIsbWR400CFmu1gTdiiAp3d-.xJ5658oNw==
Therese Hotel,8.9,$293,"5 rue Therese, 75001, Paris, France",https://www.trivago.com/forward.php?enc=_PWvW5fFH8rQgZ-x2lN4aJ.vSaoBBvH1jx5vQSV02DcELeVeiPiO3ESaPJtylrPUdUUa-QHUGFxZqI6dG8EOEnCrqHnMKex.xd62D-nhEaso-ZmsBJsK02XMkiTUB48ait2WX4koevaPsS2EiPEuGVXc=
Sainte Beuve,9.0,$208,"9 rue Sainte-Beuve, 75006, Paris, France",https://www.trivago.com/forward.php?enc=_wbzMlN.StaC3QJWtkE4IyZIy7Khcu6l6QjJVyJwsQvca6dtjjK-SxO9YHzGbxGBD5a-Q1.pvXRoGa36djXprXDAs7YZ-1CSFArxpP1PiNOfSOup3pgreXwxn0aPagiUmXw2yrcxuNPGBaT9L8RVamorIatgMwRY=
Ibis Paris Eiffel Tower Cambronne 15th,7.1,$121,"2, Rue Cambronne, 75015, Paris, France",https://www.trivago.com/forward.php?enc=_U9s11xFpcFR71Xnl4d78G8FB9VFR6lZH9USsIZQPU1jbaGBKz7vTT2OoXOAn2CeenCMoVGgUs42KSdNhTOXICXL1CulKHiCxvhjYafEfKrEEzo.shGb07DyN9jE46jXraf8.yrnZWDgGJssQPBG23GHc7-cnHMyJZFWvPn8kLr7NHe0O6UqWv8qjhDJlVvtwCFZTfpzSPkg7803-i9bfVh1tbe8F6EgVhR6h0ira7sOWdE544kIVU922cF9vXzO2UtILUmkPHm.fcBu7dkGuchtRX6uWSceNlLmU7qC2.tNQrj1qaCcMuW9kopy.VJc2l01UIvXAqdaGIg4OLA5xOxvnLF4=
Hotel Rochester Champs-Elysees,8.7,$276,"92, Rue la Boétie, 75008, Paris, France",https://www.trivago.com/forward.php?enc=_DsLrL4vVX1DQDVWYNEi4.ZJtZ6DQlKaGTUKLkuZdneOxE5cCSpdjdlBrD1dNtzE4233TkUHQTpnVf4XHURbQoceSQo5-9GDwKhckxGEmI6itfGKYJV2MMI03xC.24VdrMdTmT4dcGNcYvf0ceKmcmPUV3aLbZla.3.qFAEtp9B8sJtIddXdv.zPHkCQZlNgsrd1Aul63tGmz42qovvrFjD0V4ixu9A==
Hotel Brighton,8.8,$364,"218, rue de Rivoli, 75001, Paris, France",https://www.trivago.com/forward.php?enc=_Wd3zp8qNN7XyU.139n-ywda8C9qcw5LPqZvEUrBe-rnWEIZz7dRCQypc-bsq8kHCULR.O6dGsKEHCkouidJcoO0hD4TnkrFL.FhBhSGl6c5u8wR-Z2tV.XVVLWN8KFIoORYbK-cagOzwOIgmW6lllP-ujBfU3d8Pqg==
Hotel Félicien by Elegancia,8.6,$145,"21 Rue Félicien David, 75016, Paris, France",https://www.trivago.com/forward.php?enc=_OilOGf8.8p2nrA5RC2AQ0IHkz-fOyVzhUXavo6QkFjdZDSo2eqX81PS4pzYsHYu.SllSnXWMFrmch7irLyP6t.Val.OItbjmdUvcPPqbGVW0ctOqFuE6NIDzHYuRE7KYh0YA4VQKY40M-kqsAPi9KjLUVTsar5CFSHnGng==
Hotel Duquesne Eiffel,8.6,$210,"23, avenue Duquesne, 75007, Paris, France",https://www.trivago.com/forward.php?enc=_A0sTEo.Xl5g8JjN0Deowlnl27gv5D87porD0w4ykIB79dV-zppTzV4H9OMs5FbPTRy2Kxkmh5-bywOlKKSEA79bYzM9p6WRGv--n2bVUHAkzvXjVgbT1zWVag8sIyJ7h1WPlL.hIwj5YsU-a5egooH4gDSMzO3XjWM9X6tsHB6w=
Ampère Paris,8.9,$156,"102 Avenue de Villiers, 75017, Paris, France",https://www.trivago.com/forward.php?enc=_Rn.K2p-3xWcYwM3C-tpiyomf1y2d2q1bvJY7bRUTmqVQ64LHsPrN23NuRqt-sQK6WerXyBym4OoCp9RSXusjJOGnTUDUEfexFouXJI85265AFL.jJvGgJLSgAQxa9QQSJRmV72GjH0b8ha70OqufpXAGGTgmc4k-bDcAI4zxBw==
Royal Saint Honoré,8.5,$220,"221, rue Saint-Honoré, 75001, Paris, France",https://www.trivago.com/forward.php?enc=_CS260na42Bl.YSEhl0vw5aQBx2wrnTAJ.qv-aaQV6CCY7rzpJRPCCKIDrH321GZF9AIXF2JrDh0SZS4559GH66TxXYscojEjkjD8wRxV8YD0qHZMspdqItZEqLjfosTABF06zNKk7.HBHIsQG2dhbOqAEs.LreZG
Parister,8.9,$260,"19 RUE SAULNIER, 75009, Paris, France",https://www.trivago.com/forward.php?enc=_99bBhGPNvPIUDm.odyZMfQohYd0VsYUxiE7KVxCepPRsyxbYLKNcvWQEQE3HthDZB-ZIs09yXzxyQiALssO8QtPK-sB1na9oOxVLmzKJk1RkwKzk-yJL4JqS.M-UitQHx1A.CqUUX4zNJQtelLOlX.mSCt2RKlc=
Hôtel d'Orsay,8.9,$223,"93, rue de Lille, 75007, Paris, France",https://www.trivago.com/forward.php?enc=_0.IEhx5IidscOIQo1UZSuGvhbCWveQjn1mdXJzUs4uiOKRDk4wFGTyik5PAx1yPn1.nB14uGdXaJX.wM76DFgl3MVSGerN1CjCGnc-lhtevdW93YkwY2gzED7gRKtKiLDglPQbTi4QXVLR3OPM5EgsDqO1n9G.hpoA==
Sinner Paris,8.7,$522,"116 RUE DU TEMPLE, 75003, Paris, France",https://www.trivago.com/forward.php?enc=_sfb8ZJBE5JSTonfppyBg.cY75xqiv1GYo4v1y5dfjMD6zRCIYebN28u-nizlbs6UPZioOmockl7MTiveS70rTxBzU0v3p6CyhMKvkR3Z5RNB.x5WXde8nHkqD9g7JyyIA7NTe393MDekQ1Cafice756Hmw==
West End Paris,8.9,$269,"7, rue Clément Marot, 75008, Paris, France",https://www.trivago.com/forward.php?enc=_wttm2-uHDknb1aHdW.Ko8uowpCXGcJhl7QuTwiunNCWF3bW59PQjclwhzn3RsSEvkW630YqaP4Y2.umnhUD2wdfiGmXm99o8WK02qz.Mt9oPcESPvMHM0vUikRpej7N-T.eDJwqh8UUy2qBqBR-8jFm7eQ==
Fraser Suites Le Claridge Champs Elysées,8.2,$385,"74 Avenue des Champs-Elysées, 75008, Paris, France",https://www.trivago.com/forward.php?enc=
Hôtel Fabric,9.5,$258,"31 rue de la Folie Méricourt, 75011, Paris, France",https://www.trivago.com/forward.php?enc=_Q2Y4fa2sv5leEcxxq9zTWuoDWr-VYWHVx2XG6dEbRPo1m26.JHvDMy-hoNPZ6XAk0szI98yLwbLKSx1sTlJ91bYVg7RUqL7WjHRYaQ2MYWK0BazR0WiBNEoALySyjsEVNtav6UQLpK8dVbLuW3I5Z13a
Golden Tulip Opéra de Noailles,8.6,$238,"9 rue de la Michodière, 75002, Paris, France",https://www.trivago.com/forward.php?enc=_.OCX.J6FVmJEtrF10DhTOe6K4swBQdWN.lZnZMdPAP-tJrIkeTI7dwlRQiC9kIeea5rdg16R09pfFGr-8ykz8NaafcfMoNb8faj3ip9FwAnKp-JPhVTuiXcRFSV2I9wTPvprjwaXD4KcdEfJscIQXq8DG83Rkm9vQ5OI
Westminster Hotel,8.1,$205,"13, Rue de La Paix, 75002, Paris, France",https://www.trivago.com/forward.php?enc=_yHxe5Cl5ZcnZcuWS9486Nfw5L9mW96Fxi2sOEGMJhRjB-k1O9DnICjV-oag4O80wueI4hZMgn9yV97YIydzOffyKAOSHMZsqg4tE1YbiJLpGUYPsm8UkaQ4Uyp19pOuULGyASR-R.6KdzRTbQg6Rpcnax7cltRWSULxhrco.gemi-5JKlhTC
Hôtel Off Paris Seine,8.7,$195,"20-22 Port D'austerlitz, 75013, Paris, France",https://www.trivago.com/forward.php?enc=_dGn-yJIyykaynM-ZEKQPJsXg1DDXvIDbJC2n-K9gMdLOyRDOe972gZu3xcgf3yp41RGxaulWmjKaPKodELviIss8yDX7xfrs7aW8AcByWz.oKSL1m97AeP9D6fEoCdCbxRKyTbFtKJWXzKUty4NbB9QVLIAUZSB7jrvmqnUvVf0o.xBechtVBD7RcgN0GmV8uldGr12OaESu-IBHk68WGsjKBJGUzUiZqDy-Snb1.uyZWZTnvENgC3XxtApWxLf4-.p67aqIJq20aqI5yO0zoyMJG8-kFaoHZp4qwwkHctB01Rss1PyFgAnjsTx3Q.KLkGs=
Vacances Bleues - Provinces Opéra,8.1,$143,"36, rue de l'Echiquier, 75010, Paris, France",https://www.trivago.com/forward.php?enc=_gLHqnXcsRSvl8zRL6Uc52Fq9EKQu6VUvgbnrzoKmyTmq5wPEY4K-LbvV6KJIm9QNQAZG6SRmxA.Y5jfh14nKFicDa6I9Kw1JOSL9TT2HkmemztPRP8bdtwTuFaZEe9kgXknpvpoTffsoTVRPWuwrw.tPclWn7JRy0gkwnfeWFp84y0SzEQ2vQISU9CnKI2JB11DT5ucBtUvPUcPYMNwwjUuHg3DqugtTRmOiZ9WuQhA1W45PT3qsBGPYYvbzfpYWkoOhAg==
Hôtel WO Wilson Opéra,8.9,$166,"10 rue de Stockholm, 75008, Paris, France",https://www.trivago.com/forward.php?enc=_qpSoWU7lbWPRcoyVYSSlRuRS7JWV4HUegB0SaoCXSt.b3diLVIzQJByL-J8ei16cL6DSp2A5awPyr59iayz0ruvBPem1bmfclfRSFDJgyc0A0ybcxmq.B8UqlSoEgVim5fUXVPyoC0HGPg.K0iM=
Meliá París Champs Elysées,8.1,$223,"102 Avenue Victor Hugo, 75016, Paris, France",https://www.trivago.com/forward.php?enc=_ic2eddW0Vl6VS48Y4Hg2Qs1H70ZFBFdgV9GkPm34UpJ9os0SNRLCbRrsrVpsUt6SbDRjKRLvyclxSP1wdFjhd3v4PETewNRZSIr9VrOQawuCxyr.kpB.KzfMHyA7SnTMuw3.zJWvc2Yy2d7AFo2JACO9DrUpvWSRYYwpyOh4Fn.q7tcgFcJa3CkwEY8X52HRqoR7TvOFJqf-0CioOqMXUfNr1BrXipnu37icHCHcehLuvYY=
Hotel Novotel Paris Vaugirard Montparnasse,7.8,$171,"257, Rue de Vaugirard, 75015, Paris, France",https://www.trivago.com/forward.php?enc=_guGvQWNDlzW8KeGZv3w5F902aYG3gLhnKQqVRM.Zx.Qw0-GwN7nGH9rvAAt6IyohQmV2XpN2nAQtD-7TNy26Cmwy22CW5XYIYjXtX0f4fKOCRPno.cOuoY3ONoD8J51dmtdeenJSzp6pCIX3ynOtAf.KhmZVfPzyYd3hTid55hJjie.w4yW2amNu0.jucYI2LiVrUSDUcBD5.6tpAE0FLXrVvwfi5FPhlwBpiQn0IOoOx4bsIqpYoUPLHqtJdVOvj8wn3zUxxcy4mB.2uB6BgIXamX.Fqeov2SFgzXcb
Hôtel Maison Souquet,9.5,$402,"10 rue de Bruxelles, 75009, Paris, France",https://www.trivago.com/forward.php?enc=_WckXJtxrLYvxhaouUJA9NVqjXSdUtczGRdDzwLKnDkA3uu5FrlR2fCxrvrKvx5Q2mZgUFGoI0s2yWxhu4QGnz3GYfyAbun48IjVZ4umZieDRhv8yiaO3PH8NXUX13igBBSDiA-Yw3-0TbB93aqkLUvXo1JjCZDlfuQnvYw==
Le Meurice,9.2,"$1,356","228 Rue de Rivoli, 75001, Paris, France",https://www.trivago.com/forward.php?enc=_x3P2PPSMVx3OEPajMgJwV1EqriT40R1XvfFPApj8OvqDGRN0UJ7wmcDWcHjfu4SLzSKdiNhm8-Jiw5any-b1r4HIh7Z0mgRdreUwwBIExETSIcDUEA3Xsf1XBD2rQRPPsLohWh7oEy0rNNa4AEEE2Kqi5PYp-pPdIiLS44RsbBlnr0ltVtj1uRvrixJYsAi7mQcqijdg
Monsieur,8.7,$201,"62 rue des Mathurins, 75008, Paris, France",https://www.trivago.com/forward.php?enc=_iDNRaqNxcl3ozJwQWwKZYyGpVmb8Dqj4dqUw5oQIPZFBMm2LGpM4F59Mx49uV4t8IpM5gU2F5Pb-kJ9gpCSKgZzaZwuQsgaWlAXwCxyor-wy2ogBG9dfcQYff9W805kc59-F9WdEXflMXqzsbgzuZHJMSjA=
Hotel Pullman Paris Centre Bercy,9.2,$189,"1 rue de Libourne, 75012, Paris, France",https://www.trivago.com/forward.php?enc=_HMtSOcA4OCeUdZnLyi6cxnOq4LUdaG3iiqVQ5yXwftOS1JxlQVz24z7mqjCKycgcOfQLIu2tndNT.l4IoFd3hXf5FejMzVyNgO9jI5kq9YqcHkIh.B5iFNKsCBmtiHfs8YasEXcn661MpWeUJB5U2NqJ98GJcXFE.rkgkEpS99vGPKz97-9XxAm.iVHmQAtVPMbVtAlArvJTfXg3QXBMB414Y6JfIxr8Oz4lf6cOoVpXw9j3RH8ARsbf2QVHtylYgFICoT85KzWBScNKxCI8GrCNUvPriZBM0i2zX5kgg57utXcetTF9LFKJVUD5GTqnpf9zdsUPgD89Ncp1QFJEqXxBJC0=
Hotel Opera Richepanse,9.0,$265,"14, rue du Chevalier de Saint-George, 75001, Paris, France",https://www.trivago.com/forward.php?enc=_eqwG7UYJ-S7PNkuZsnFf8AgTL7aFAXzbjx8CyytucRNnC3AJXIdbVtEXcLE5byJNmZe7jjPc-WWRyMIWICGL5fV1ajhxDhZNhbSzr3MwyRI7lpZsn8Mc5pQXL9q-CLpdsGmvhaxmgnxpnxC1lXPy.7tP7p4=
L'Hotel,8.8,$380,"13 Rue Des Beaux Arts, 75006, Paris, France",https://www.trivago.com/forward.php?enc=_BBKk-TjaMQ9QkrA2KHhj-1SBNcuojUlckwdsVgPzBJRKBVEtoNi0CL0A.cibtpbLr7ZuXpA.EluAhoHzZIyjnIt8DcUVSUD78n3wh0eXzWNv8AoT1H6PMNjufsabKhg2igmOs8T.PsDbJvlz
Hotel Auteuil Tour Eiffel,8.1,$163,"8-10, Rue Félicien David, 75016, Paris, France",https://www.trivago.com/forward.php?enc=
Hôtel Barrière Le Fouquet's Paris,8.9,$887,"46 avenue George V, 75008, Paris, France",https://www.trivago.com/forward.php?enc=_hDa64XnK69Be0hjoMY-JqFOqSaaadb8e1d9FoDrfmQjFNhC1..96rfW0AtSF2mfKalExuT81qDrlFzx.ieO2Im3PPU9FXRRMNd4SupoeGlhDjNndEo0aTCCDngRI0OHyulgWmXJHevh7vrNg6BFbo8ZRduCN6nPCXfKJ9PVrl9qrm3NPeZ5FCRx3fXOrdAF1W7Ys5g==
Hotel Saint Germain Des Pres,8.1,$364,"36, Rue Bonaparte, 75006, Paris, France",https://www.trivago.com/forward.php?enc=_FPVHKJ5fB5LSlHfZwgm42P5IZTZxk14qNVbacmVpwCSUzk8lO5cIwBl49zqy7Xw3ZbCpSTdbVwb6Va.Mn-xSi62SiGmddsl0WBEpWrmqlxBUjuktr5wx80eUsgrTazb-b315Z9IgqZcB2qs-AyZMQ4trild3GUmVM5wdLwzE
Hôtel National Arts Et Métiers,9.0,$290,"243 RUE SAINT MARTIN, 75003, Paris, France",https://www.trivago.com/forward.php?enc=
Hotel Novotel Paris 17,8.0,$173,"34 Avenue de la Porte d'Asnières, 75017, Paris, France",https://www.trivago.com/forward.php?enc=_QvGFHeHLJg-zS1C45ksg4k7xFw2N63X-8U-T0G0V1O.TW4ndWK-nkBBFoYtiQdWZLoV1BhpUNXGvndbstbQzVxna44j5e8KPrfyrdnzsmlTjIYbMeV5RpfDx58jp7fL-TrnzefXpZkb9VllUcpKROCX4hrW-.K-LtgwSq7CoYm4odVEzBzqfeHQOa296gG9sm-3QhF9h2zBwO0W-nmDACrzSCZwTHYNyokyqIO9O9-SUcQsdBdbXPtSC2ipvWtr9S9Xko3nxu8rckkBJKYWVUBOXTe1eHTupnK-Y0ofJBDT4xbud3UALPxEFryaIm6ykJLDgTu17ARM1nQjv.4W9jQMiWzc=
Victoria Palace Hotel Paris,9.0,$319,"6 rue Blaise-Desgoffe, 75006, Paris, France",https://www.trivago.com/forward.php?enc=_Cq5dI.Rc.5n6OViUrYqMo29RaUDZPvEGUjGoGVHSFfw7MNPXQJoTEBLPyas9SM0zre36fnU-L.dRLZwvNp62NlDDjI0eHJ71wQgKG5Emn.ptFJTs9PbwthJNmzHcuc7bhGWCOIkrb0pgdIac1OnbCOKlAg==
Le Regent Montmartre by Hiphophostels,7.9,$151,"37 boulevard Rochechouart, 75009, Paris, France",https://www.trivago.com/forward.php?enc=_AOIvuhsttPrkTpN5I1ncmdO93nx5tzVm2IW6GiSn68ydzg3zQBC7nUbW37ln5oVHDoMIs-i7OJcFNmj0VHECl5TccBPwHQhG25mduOfJ40xUt1hRChlinCouYHt7A7JsXMXFdZ6.l4cuWSW6CA==
Hôtel Square,8.3,$250,"3 Rue De Boulainvilliers, 75016, Paris, France",https://www.trivago.com/forward.php?enc=_tbYfc4OMJnmgowoiUz48LZHJb9uDcHIO81Wsy-8PFlhMP8GUzpGSkvQJ0qNzBQdB5Ap.RGYvmPW9EDYC5.6tIPBmc2yr75aB5sk9T2n15A8ibEtj3li-HWO.EB60GJ2bP6XmyXNGNdy.gCNFG6Vwcw==
Hotel Sofitel Paris Baltimore Tour Eiffel,8.6,$422,"88 Bis Avenue Kleber, 75116, Paris, France",https://www.trivago.com/forward.php?enc=_FApp.ANlMXs7T72-qBa-TBby-LbPF92.Fniu3Cf-s2pZn4cvb56zHgDMRVNzV.IyqOwMaPwtsBkenha1B5Xfx1Ersi64xCb8sfLRkS7IwtogwbWMC0J5QyC3KHBuJfUAIcxaKkvaYGuc6xDwRhDMLwtlt4VNsi2fOEoVpq6m-jyFxtSinIVscQG3d2TvaqTlGlWfLM6kfgF7YMqxtMJY.E2PJ-8hoQmVxB4Op6iJ27LoWFcr1Unb7Egyz0u5YrJ1frQKtiwnvWRV6xRtogEvdknz-vzZREQzId9IwKUrY26ASOYcOO90ilCBPLpMRJwIBOlGQzaenVNPUQn9CSpm2Tw90Kk=
Pullman Paris Tour Eiffel,8.1,$311,"18 avenue de Suffren, 75015, Paris, France",https://www.trivago.com/forward.php?enc=_i7FW00Lw.7evamjEaS-uMCrihpitp-snAEnlx7FK0XjiU5rxVNE1S5bvEvauJDhQtbH3KsN24m4xjSKQoMYxUGZdCE4uiz8ZFAUZa-yIBdlufI.dShrdBhf.QrO-0qGvN9uEG4ny7QHYNs5.u3xAT8AR5WShaNgauJXga.Dgedym0v.nQFEirJ6c0Rz6DN4DcUbz.JXf.OMYYJiuZ-pt7vPBXI4Ky1sdst8BCGgBqeD7EL4pgU6nmFC-GUAGrDYTUjCgA5vPcsLGBg8q847cBP6odABDc5qwDFjoSP0vqw-iG6NgqpHD0bnhOdbK0tfareKA1iG.PDA6W264Ea9PfnpN4gU=
Duc de Saint Simon,9.0,$243,"14, rue de Saint Simon, 75007, Paris, France",https://www.trivago.com/forward.php?enc=_0SQYR.l9ljbn9.Z0c.GWfJGV5FNscbv4UpdEC-CQbTjcF-GBPs8kebhmPRm0Bc.j.eV4QEAncrC1J-SXOYZtBgtGg4PQ7.FWY.n5fvPmCxdk8bEGi4qoUBO-d0NeMIRGAFolkJX6lC9QmRu1cgzLvGJh-jrlq4vkKz2ALO.G2Q-8XKIHp2oGbjF0qx5aQ6yZ14.5dna4StZ77ia7ap8LDU5oQbh3ygh9zB9koH7cxzD.AYmaQnjkAZKtPCcesDibRUwXLQHMq-sfWijth71pc5O1yCWch3NABgHBJwYl.EvdMG5zRmICJs5aH12VKgCAJIS5v0s3-VZckFmK
Majestic Hotel Spa,8.3,$308,"30 rue La Pérouse, 75116, Paris, France",https://www.trivago.com/forward.php?enc=_pWe0ZC4uwMKw27T5981shxVJNom6Z2XzC6F5IhsaaTaIBIKDNqHWvdNV7MCpexXDCuhoJdZXHPj2w9x8SX0DeaDoLtUYbFTfTTtDV5gbeLu60yovlPs3gErcD4ENz8x7l4Le9SHBmI2L7IEfBSpqIiP3HwwdL8r7v5c3ETp7PNMFuipEULp.6hYfYnTeGFYmoW8=
Little Palace Hotel,8.1,$208,"4, Rue Salomon de Caus, 75003, Paris, France",https://www.trivago.com/forward.php?enc=_a8hfKIm3mtEe93HJkD21-BB9NOE9B1ATgmwLV6.lrh69tK8PUjjV38Mo7croqaXBVHe3rsPd2vmjuuGhRwkH1Oanlg74.Qt8TxL-Ecu-ba8e6mUvtQfQ7O.2mQsIiG1FrWkQSyHly1WAi2gwXsxQWtclxqw2ZQ==
Hotel Royal Saint Michel,8.3,$209,"3 Boulevard St Michel, 75005, Paris, France",https://www.trivago.com/forward.php?enc=_uT1.ePxtIIfwLeO4klZvclSvIJOtiPoJ71l4nHkl7h.5kB6Ngl7Myi7db573utWA7Ft-8knp7lHF8NpWzg2Pmsz8xuJq8v97u9P8uVBUqn7MNgn7DaVN6iMRDmDnooEN65BPnv3nn58Sdjwd-2bLJG3qw-5v7ZxfQTM=
Hotel Original Paris,8.8,$214,"8, boulevard Beaumarchais, 75011, Paris, France",https://www.trivago.com/forward.php?enc=_TtIEr6LlRvXyM07njcQuIWtEWxMZK0yR0PNB4wKjjVxXSbS8tE6mm9LT-06MhE0nBKNTQZmgz5kIeEKVtos1evk2QNKve-BZ5gzAGuaa03VuVFPx..UnTibMQ8lChydT4zykkKMeH81yZTiT5dTWMqkcrfeFj8JpM0Z.uyBv.LpANF-kG3OB1qShklnxfQlhbH.DMmYHb1AsCcOgWbmEaDXnJcf3UKE9VTli4WPcxXTuDT-2d36CaO7QyzG455VJS16KxT9UfxYUd2Q6rcffJkp6T0FNNTOz8R9dw86mFlqcJrWE5mXvpeEQiiRM2AhPHbZOu40iZyRT7Q==
Hotel Montfleuri,8.1,$187,"21 Avenue De La Grande Armee, 75116, Paris, France",https://www.trivago.com/forward.php?enc=_jDL2zM3lBxaLJWLa2cn7HtSkCq6OSCHcPgAmHfL6.jjXq1lh49z88qkV3T8heRkq3wPgiDY6QCq7ABWbaFYhn7fjqMPu8YLMAmhx6nHX2W133F7D-Od4QwTR3Ztla4mR9-EOufFoofmo59-JdAFPikpxBB-OJcoPvcFm
